uid,label
002026a27f38d9a3203eef2b8b7142fc,0
017b9b51c033453de17d8aeab2de99c1,0
030be6e9263ecfaca79598bd411eafd3,0
0382f49c67a49252fd7baf7699cb2a6a,0
050581a0e3a1593626c533a9e2f1577d,0
06a968332b55c5c92fe95b3a6d6d1a5f,0
072fd46baa466fd3ef737fadefc3898c,0
0772a5b5e5f85cdd5be0ec23c69b518b,0
08b644bc454d646c8aa9785f78a50d7a,0
096a0eb5022a4096f7a84cf617f8f4ff,0
09a6c0c69b87736703fd7c2242563cd4,0
09ae10ba05e767bebb3fdc77636b100d,0
0a5df52fbec569a1714201505a8601e4,0
0c1f33a407cc52fc976b298c85140b7a,0
0cc36d6155cb5b01efd2a3bc29e700ca,0
0d2f129811391da89d5caf78f81b930d,0
0e9ae518bee1a28aef22ad767245937b,0
0fdeae3326183e3a41d5f1f3037ab565,0
109e7ac64e12cd18fbded9c43ba902d3,0
11c4b259507ed7cebc27c722df08a2e0,0
11cf3eb6dab8398a28425e783d099d9c,0
13a6e0476ae333ef4fa8e216b517f950,0
158109e07f70885da1bbcb168cb2ad25,1
15aeeb546d5849d739e0aff60f856734,0
16db2a78bc8e93a07007da3f21ac8d35,0
17a6c3a933e1e546e4122237df7e775e,0
17b224779ff190904e26a3d8d6a11d9b,0
17ef2ab231e5b35662523ae0b599a35d,0
1a1cdeb12e1d3a5aee38f10baaf17c39,0
1ab478ac374646baf09e2dbd24778338,0
1c701b84b8f9e8556985ae83c30ac729,0
1d115bb1340f0c00e7e1a002326c7074,0
1de9a53a4ca2a70ce30977e78dcf2af5,0
1eef64021b0364719bfcb497a5c41192,0
1f92e1960d51ffd9325757ca16db7554,0
205145316e88a146d5590e7ce4d61046,0
2236e3123ef7ac31e3f77d4b7e192179,0
251f5b53005ac385e50407279daba226,0
273c9df70edfa77f2efce8874e7f1bd6,1
277b99240cba1c2dc57b06fcae1bc028,0
2815f1455daf0a78a9ec38662bcbb7c1,0
283ec58a04844a8cd30b0a9a932a9a67,0
28e92f338e5bd591095c3558c4a809d5,0
29d1f1a61d8d5e0009235dd6a57c7d07,0
2ad1df35c80d90b594d9d1a8e1db664b,0
2b82df95f8b1010942c038c3fc0b85ac,0
2cfa61cbab7587ba3f5e1c7223345874,0
2d1a49ca55b5cf5152070fad526c9b8d,0
2e4ac33573e89ac374da8718b42dc2eb,0
2ee4094f70bf50b6ccb186b86ffeff0a,0
2ef31a0e144be02870445bdc67ed6980,0
2ef5546d1571e269b81a60ec9d0ad615,0
2f0c9143ea69daae70ad25587b53885c,0
2f93adc6cf3393fd0fdfe184e0fe17d9,0
30bb686f36baa8a61ac0e8fbb1428a52,0
319b3ac520e3646cdb41e19415e2f433,1
31bacb6c26e2d56ab12ff29382f85cb6,0
3225c587bb26c018e74af303e32451f2,0
334d97ead95651d5fcc347783ae35adc,1
336def7a411d539f5ed1dbcc96b10d01,0
33c4600a50846794b8f0fcd87d32e4f0,0
3418b836c02ee608a4779852a244723d,0
3672449de3576eff4302d4ed3057e077,0
393bc4767dbfe5e31372819583b576e7,1
3f927458d191dcb15b34707a953894dc,0
3fd0c4dd8b1a9ef7e93df96c5be5c8e6,0
4079d48925d6d16d33f3a02b31f14ed3,0
40844aed0fdc9b120c2d298ca9c60a6d,0
416a0e5c32d87d269271e2419f275e29,0
41b7b14fe3a1fe4593b417636a90646b,0
42c885163c8053cf47134500139796cd,0
43da97916ed92f09bae36fd831773f44,0
44521fdc16391919232bee0aa9cb3f10,0
44685aee44e45f57d25ca64d4f4ee42d,0
447bdc8dafe4bee097687588a3321ba6,0
44974c6424e68b6f757d7a894f278e2b,0
45943400d2786eb8cca435e7589d9f1a,0
4858191c3d189224ffd7c94b9d8d8a55,0
4873d532b0c68dda674dd1deb2faef2b,0
488f2ce87d753677269ea31f135a4120,0
4906c518e8a3097b2f043724bb80d364,0
49747eb048b29d28478fc05b957ae1a5,0
4a65314c20915bd558978f13ba5f52fd,0
4ad4ed0d6e92a64787dc212c8cdcf4e5,0
4bd8ec7b3fbb00f8a08ab825ce405010,0
4bf335c78d340c3e1f2e198cb62010e0,0
4c0f0b8fd55617282c26e87b88e0a489,0
4d1683507895492aeb63fc1961533d46,1
4fd0489066a6e658d7360571561cfc13,0
5081a846484d25f7e973ad6cc1d2f69d,0
50ea29615f2ee0c6cb96e0ea68fad28a,0
518a09e8f1362fa94b5fc289ee6ad39d,0
527d8e89e9c2e7a9566453c1476e84c7,0
56a39cc78bdee1ed9c5298bc6e059881,0
571e82aa096d0ded1c16468ecdbae5bb,0
594c0bdde7a7685c16b2a1720dd0d4d3,0
5a5504535a308f1b5254baac76d39a91,0
5a962fbc9aa06052a1f7a2e42b210db2,0
5b4eb23ed913157a29e8ad7ded832a02,0
5bb70713b38a2e9a832a352121837b11,0
5c984e05cbd6b7918018d8afa03ef8a4,0
5ceacd86e31796824d5d8413041ce25e,1
5e19eec39be2ee2adc68929a55c9ad11,0
5ea1ee566979ea3b6b54cec043070829,0
5eea3491e44e0671b23cfd24c14741c4,0
5f3aeb7136cf8391e8783b3ff1485ef5,0
60509801aed5dc149516604f53360616,0
6100b7a59c138e0ad04fc19795176ab9,0
61bb0f40a5672cb27d17b66866c6a24a,0
62dc2599d60a0a2768f8645cba92d1af,0
6305cbb631c3f27917678673fce09661,0
66380b4cd04982a27ab6ec03e3af9777,0
68330d25807b72c40cc9024771b66e4e,0
6921243d90d11c25db4f95526870ec36,0
6a9f08e37e2957412de5861b024d3998,1
6c8d30ee7bb2dc7cfa97126e0e54729a,0
6dcdb96856ecf27043bdff9028535acb,0
6e9399d91e48344f9fe997643d1a2b81,0
6fa9834193307040605e6aa9cf46b320,1
7022d57b98d1bb009455c11730373d80,0
71b70d325af5223883c51fa4c7485ff8,0
727f830858efcc7117955571c96a9d2c,0
730c6d5738ec7ddc5449e6cdaed61b9f,0
7326abb1e247240b3bda41950e5e8fb0,0
7356f147507c213b7f9714bc09c5a44a,1
7450fc6bdcae27721630e1a686df19ec,0
75ad505d3fd1391bd8f313cced0dec1e,0
7bb9d6bc1a1f5a128515cba3f3ca6287,0
7c180f5568102d6aacb44b1e18e3fb9c,0
7f4e54eacad920015bdb5c7beced13bc,0
80ee1b8126e98e5446d2dd3262d05390,0
819d6110d8545bd247d4a3f2608075e9,0
81b69f3b6ec8cfb405b9906aa37332c7,0
81d6e54d78a05dae4b66a6ce69d024ba,0
825cb02c3c176f21370d90a5dc454063,0
83ca05b9af13777f6a32263d9da59382,0
84507fa327e3ec0afb5fd5d9c61d9efc,1
8493aac59f3b4eb46708e1d2f5249cae,0
8783f81d3e65599b5178a8b3307a2cf9,0
87d9d6fae52de2c371a1d8c48e066bd0,0
89daa707d77f1b920c4e91fe71bcd425,0
8a688323f03fe2c42e3fdd8c6e6c938d,0
8b1f85b589a2af1209c6549360ddaebd,0
8c6c0a5890f28a445a480e52d55ebf97,0
8ccd78b0b314ce2ca3122264c3e6cb51,0
8f59a52cec48d5e78f38ce23ca5912b4,0
8fd7f0d924b85fef599a9d48ce5cec1e,0
901a16d852c6e59802275f0a0b7d3583,0
90365986236599ad6b47b5fac4a0cced,0
95b9c4579f8effd659a55fa4cd2d0592,0
962e504fd7f31629785153b1304fa912,0
9992e34ee32efe5d891b04b6285d9667,0
9b3b47a494547fdd2c0bce70807334aa,0
9b729236b1053d91abd0ec94cb333789,0
9b82caaa52f7fa9b9a01b2b70012f56b,0
9e23c589b45115e14f4d434dda0cb4b6,0
9e59d4e9e09ebe8280441bfeaa30c032,0
9e8dab98be3f3bfc29d5b3de7b4b24c6,1
9ee91dcbbaae152e4c1c30b1877cf88d,0
9f2870c746e1152b09a534b4a8869d69,0
9fc921c6095a7aa0e473cfe1636bf482,0
a01457ad894d3c644d58c15c1f14b0b5,0
a111d181c2fe138511d28d80f68d47bc,0
a19fd48c63916ae9729e129d74acc0c5,0
a1d82fc4c24beec9c057d02ec96cbc6c,0
a22940bfe84081270c7bb5966eec6288,0
a325dc823bd23d6edeb93d9c500f0fac,0
a53c0e769e32436b1592a408ff06e866,0
a60c20eab9e121eca6e95905dfece883,0
a67b804e249e1a212cacd526fe178ac5,0
a7d248c71b238f0c1142afc4082cb5fe,1
a812b81d1af66897de825132a83d20ce,0
a8c7bf1618e80e22be4fcf8c5ca37a5f,0
aa93506af76221d3d94633cca23b8f32,0
ab3f84e14f19dbb3429b8fa6a8a09a9b,0
abb1456a055c9ab520e99218e71650fb,0
abf5f4780806523882a6f14788f0e006,0
ace718130299a348de5cc22b6790820d,0
ad78d011463e52ee48706495f86c4245,0
ad95839bba32ebd8635e4cddf0c6fed0,0
adbb94bab445d35f93297845cb9f13ce,0
af6d95be3965013c70ed14e84b735b43,0
b0548278d139d56e04b2d4f53b278457,0
b320d5634787c76aa234ccb8d2562f6e,0
b3a7ad75487fc3b103f419e05a3f5884,0
b3bcf843a910ab77516e12f98e67ca3a,1
b5862d8697f2e85cd4f6725819567c70,0
b5dace0d5a07fae404a7ed9e431dd5a5,0
bba04aaa39713211cfc6adeeae4e12a3,0
bd31a9db6cc3d1ca83f457e99bd4a340,0
be189d629a00ed2422b056c82d541115,0
be5bb433dc39cada94b7a8376516bea2,0
c07f35e66fa19b521802b2f5ff27a342,0
c083515d0a630f1485706e53ca85a984,0
c093826c8165956abde7051d23af552d,0
c209e1f600fac0c178e1b9f26d389ab3,0
c256af3cfe3857f2381e1b5fb6294f45,0
c35213386f601b13ebeced54b5c3f2e9,0
c41a6d214e2d0447f3ceafc7fc0dcfb0,0
c48518592d34817605ff7325b4bb1317,0
c5b597cd06cf5ca1d82714973b8312a1,0
c63d1f2a04fdd18f4c7034b12aa9034a,0
c64dca063b696081a582882078680a7a,0
c83be8c0421864a2f9a43c5485a1585e,0
c886c9c58aa8906d6bd5edde105db621,1
c957e4441bd57c2b8c80013558a2b7dc,0
cb3e20ea65df674e83069b3835f882f0,0
cb79c09160164ae6b4e9072d528721a3,0
ce48a0af821e714abd69c533465b7c23,0
ceb170c001addfa8a9043a1dd12e93cc,1
cec109872feb97fe15a3b336e66cd771,0
cfe2fed6c18c9787ec1c268377d3f6bb,0
d0539a37e7898e3e4daecd94744962ee,0
d109e75155ce5b4b9ab70969462e6bc2,0
d10bfb98306dcea8eccd9d364ef1f296,0
d23278cdc4175ff4b61139b4266be0d7,0
d41e4a91a21c8f78a88363b57ab569de,0
d42df04161d294a3b725fd3316c7e8e8,0
d436737273dd9131c3cd47b476361ae0,1
d4f01efc8f64249fad31c9e0293129b8,0
d4fd197e4bd6cd619c42a5a75a4af0bf,0
d62e82b3b3ca258ee5032814ae5a6be6,0
d7210fa7672e64f8528f6d9cc1f54321,0
d773926a6a0df7e87a43dbb64c8584c1,1
d7c29d3699a041fe322e0fa7c4da363e,0
d840c0c453a5fa9934d33b1b1aa48884,0
d8b69fd9bdd16a57a2429ea10d0d2e0f,0
d8e116f6a40e4c91221b5659f547dd78,0
d92ed2d7f8023ed624544de523b235e0,0
d95b4292f4257f393fea608f2c68d265,0
d9aef0dd4b29b2590d6d13d724b26bb0,0
da0b03d47f949a0e981df9eb1c873ac1,0
db9f86c38e0803c344a7bbec56da9193,1
dc0be86607eeaaa01e6639910e9204f0,0
de18e75c8c4795eb15057f2998394dc6,0
de4ca21458201c1aeb5644c54a7d9530,0
e090e3062796497375a93727f009dd0b,0
e309716c3d9d8b3b9b5e40ef5dbafc6c,0
e3bedd127a6c95965b757c364ae0a8c6,0
e587b45fb293f4022d16fb99cff73361,0
e689f75b01640ad1caf33221e4cfabdb,0
e6d9fde766bac369b8a51fe4d7c9d055,0
e6fbc1562075c9ecdc8b1cd0ef858a9a,0
e724b4a0b1e4989aa2b99c5b1fb58755,1
e7e40be45cf53c8c166728d85f256f15,0
e8d87fb1ccfcce2c7d752676c31e9b6f,0
ea2e2c7ecebc59c0364544ffcfbcd238,0
ea4ba65df95f57e041455f3b40408d83,0
ebb45344c1b21732fc59242d84f87b2c,0
ebb93b1f01fbb5b60f2343213b74b3b0,1
edecdb5d4a49de0a378eafcba8f4509b,0
ee44a42c21e0c487b2904ba809d0783b,0
ef7f26621e78b8dd9b6872a491283098,0
f00af5e7661ea58951bf8e4944580ea9,0
f055d53eb60ac4a68c7bde0ba9f7265c,0
f10a7f53217daacbba4fff4843af9f04,0
f2a89b56afcf8dae665428c7f4510920,0
f2f4bafb408c5c27b89e208f0f9bba2c,1
f499580674acd211df66dae1d7e2e89e,0
f685ef0d09aa5a5340073adca1139a26,0
f759569492635b12aaec1c469d7cb8bf,0
f7a4ec128d14392ac42a63d13d35b36d,0
f7f0d2d16e25cdfb09cac75d320c057d,0
fa23bd332abee9a88e2d9a012083d50b,0
fc3a5fcf2c41ac7e702a72a60c8c7deb,0
fdfd6981bee55bb7ad89156e3e558a2c,0
fed0db6a42c31cf9727ee372d0198921,0
