1,0.3421052894736844,0.0711462648221344,0.4919786631016041,0.2783505206185568,0.3369565228260870,0.3689655517241379,0.1582278691983122,0.9433964150943395,0.0000000315457413,0.1697952303754266,0.6260163414634146,0.1465201831501831,0.2867332383024251,
1,0.4236842368421055,0.1225296640316206,0.3529412299465240,0.3195876340206186,0.3260869576086957,0.3586207241379311,0.2257384177215190,0.7547171698113208,0.0662460883280757,0.3813993259385665,0.4065041463414634,0.1172161538461539,0.1226818830955778,
1,0.6078947631578947,0.0395257114624506,0.5347594117647059,0.3298969123711341,0.4347826097826087,0.5344827931034483,0.2025316666666666,0.7924530188679245,0.0031546056782334,0.1612628071672355,0.4390244715447155,0.2417582783882784,0.3366619116262483,
1,0.3315789736842104,0.1719367786561265,0.4545455080213903,0.5051546443298969,0.3586956532608696,0.0413793448275863,0.1434599367088607,0.4528303773584905,0.3312303154574133,0.1510238993174061,0.3463415447154471,0.2014652380952381,0.4222539230385164,
1,0.5315789736842107,0.6166008102766799,0.5133690374331550,0.6134020670103093,0.1630434793478261,0.2310345172413793,0.2637131012658228,0.9056605660377358,0.3817035015772872,0.3003413054607508,0.2926830081300813,0.2710623076923076,0.1690442226105564,
1,0.4368421315789474,0.1561265019762846,0.4812834759358287,0.5206185618556701,0.1086956532608696,0.1379310689655172,0.2362869409282700,0.8490567924528301,0.3817035015772872,0.1510238993174061,0.3902439837398374,0.2893773260073260,0.1547788873751783,
1,0.4578947631578947,0.5316205731225297,0.3315508556149732,0.2783505206185568,0.1086956532608696,0.2241379655172413,0.1919831434599156,0.5660379245283018,0.1324921451104101,0.1808873805460751,0.1788618699186992,0.3113553479853480,0.0670470756776034,
1,0.4815789736842105,0.1205533794466403,0.5133690374331550,0.3814433041237114,0.5652173923913043,0.1827586551724138,0.1919831434599156,0.1509435849056603,0.1671924605678233,0.2406143430034129,0.2276423577235773,0.0073260439560440,0.2510699002139801,
1,0.4868421315789477,0.4446640513833992,0.5561497860962566,0.4845360876288660,0.3695652184782609,0.1103448620689655,0.1856540295358649,0.2075473584905660,0.1324921451104101,0.3515358447098976,0.2113821951219512,0.0549450915750915,0.1797432240370899,
1,0.4684210789473687,0.3102766996047431,0.5561497860962566,0.6907216546391753,0.3043478271739131,0.0586207241379310,0.1582278691983122,0.2641511320754717,0.1324921451104101,0.3771331143344710,0.1463415447154472,0.0329670695970696,0.2011412268901569,
1,0.4394737105263157,0.5553359881422925,0.5347594117647059,0.5618556752577320,0.3913043489130435,0.2482758965517241,0.1814346202531645,0.0754718867924528,0.1356467192429022,0.3174061518771331,0.2439025203252033,0.0073260439560440,0.2296718973609130,
1,0.3894737105263159,0.0988142490118577,0.4759358823529412,0.3556701082474227,0.1630434793478261,0.3517241724137932,0.0506329324894515,0.8867926415094338,0.2649842586750789,0.3558020563139932,0.2195122764227643,0.0879121245421245,0.2653352354493581,
1,0.4131579210526316,0.3399209683794467,0.4491979144385027,0.4072165000000000,0.2608695663043478,0.2206896896551724,0.0675105696202532,0.9433964150943395,0.1671924605678233,0.4965870392491467,0.2032521138211382,0.1135531501831502,0.2974322397289587,
1,0.3210526578947370,0.7865612845849802,0.6310160962566845,0.5360824793814434,0.2065217402173913,0.1379310689655172,0.0274261814345991,0.7547171698113208,0.1230284227129338,0.2192832849829351,0.2195122764227643,0.0000000366300366,0.3152639087731812,
1,0.3947368684210526,0.9426877667984190,0.6844920320855615,0.7422680463917526,0.2826086967391305,0.2793103793103449,0.0548523417721519,0.9433964150943395,0.2176656466876972,0.3174061518771331,0.2764228455284553,0.1538461904761904,0.1690442226105564,
1,0.6473684473684211,0.5632411264822134,0.4438503208556149,0.4587628917525773,0.1956521750000000,0.2206896896551724,0.0295358860759494,0.8490567924528301,0.1482650157728707,0.3771331143344710,0.2682927642276424,0.2014652380952381,0.2154065621255350,
1,0.4763158157894737,0.4387351976284585,0.6684492513368984,0.6907216546391753,0.3369565228260870,0.4620690000000000,0.0548523417721519,0.7547171698113208,0.1261829968454259,0.3105802133105802,0.3333334146341464,0.3223443589743589,0.2225392297432240,
1,0.5000000263157894,0.4090909288537550,0.7165775935828879,0.5360824793814434,0.2826086967391305,0.1931034827586207,0.0337552953586498,0.7547171698113208,0.1072555520504732,0.2832764590443685,0.2357724390243903,0.3809524175824176,0.2296718973609130,
1,0.6131579210526314,0.3596838142292491,0.5294118181818182,0.4845360876288660,0.2065217402173913,0.1448276206896552,0.0337552953586498,0.4528303773584905,0.0725552365930600,0.3686006911262798,0.1788618699186992,0.4395604761904763,0.3580599144793153,
1,0.6552631842105262,0.4802371739130434,0.7272727807486632,0.6649484587628867,0.2934782619565218,0.1965517586206897,0.0379747046413502,0.6981133962264151,0.0441640694006309,0.2619454010238907,0.3333334146341464,0.2893773260073260,0.1726105564194009,
1,0.6815789736842103,0.8320158300395258,0.5294118181818182,0.4845360876288660,0.2391304358695652,0.3517241724137932,0.0970464345991561,0.6415096226415093,0.1924290536277603,0.2662116126279863,0.3495935772357724,0.2857143223443223,0.1940085592724679,
1,0.3210526578947370,0.6205533794466402,0.4491979144385027,0.4072165000000000,0.4565217402173913,0.1379310689655172,0.0928270253164557,0.3018869811320754,0.2302839432176656,0.5912969368600683,0.1382114634146342,0.2673993040293040,0.4115549216119829,
1,0.5605263421052632,0.5592885573122530,0.4224599465240641,0.5360824793814434,0.3478260880434783,0.1793103793103448,0.0443038185654008,0.5660379245283018,0.2807571293375394,0.2320819197952218,0.0975610569105691,0.1501831868131868,0.3937232525677603,
1,0.7500000263157897,0.8498023913043479,0.4652406951871657,0.4845360876288660,0.1086956532608696,0.0000000344827586,0.0000000210970464,0.5094341509433963,0.0851735331230284,0.3088737286689420,0.0813008943089431,0.0219780586080586,0.0977175464336662,
1,0.4842105526315789,0.7648221541501977,0.5989305347593583,0.5618556752577320,0.1739130445652174,0.2482758965517241,0.0654008649789030,0.6415096226415093,0.1419558675078864,0.5435153668941980,0.0487805691056911,0.2161172527472528,0.2475035664051355,
1,0.6026316052631580,0.4940711660079051,0.5454545989304812,0.5618556752577320,0.2391304358695652,0.3275862413793103,0.0886076160337553,0.6037737735849057,0.2649842586750789,0.6092150255972696,0.0569106504065041,0.1282051648351649,0.2653352354493581,
1,0.5394737105263159,0.6245059486166008,0.5347594117647059,0.5618556752577320,0.4673913054347826,0.1482758965517241,0.2215190084388185,0.3962266037735849,0.2302839432176656,0.6928327730375426,0.0731708130081301,0.0219780586080586,0.1940085592724679,
1,0.6500000263157895,0.4703557509881423,0.6737968449197862,0.6907216546391753,0.5760869576086957,0.1448276206896552,0.2594936919831223,0.1698115094339623,0.2649842586750789,0.6245733873720136,0.0894309756097561,0.0109890476190476,0.1583452211840228,
1,0.4631579210526314,0.3814229446640317,0.5989305347593583,0.5876288711340206,0.4565217402173913,0.1724138275862069,0.2151898945147679,0.2075473584905660,0.2681388328075710,0.8122866979522184,0.0000000813008130,0.0732601098901099,0.1440798859486448,
1,0.5473684473684209,0.2292490316205534,0.7433155614973262,0.7680412422680413,0.5000000010869565,0.4206896896551725,0.1983122573839662,0.2452832075471698,0.3627760567823344,0.4965870392491467,0.1056911382113821,0.0219780586080586,0.1048502140513552,
1,0.5789473947368422,0.5059288735177865,0.4919786631016041,0.4072165000000000,0.3043478271739131,0.2827586551724138,0.1033755485232067,0.9056605660377358,0.4605678548895900,0.7883959129692832,0.0650407317073171,0.0879121245421245,0.2831669044935806,
1,0.4078947631578949,0.1086956719367589,0.3957219786096257,0.4845360876288660,0.3586956532608696,0.1724138275862069,0.0506329324894515,0.7547171698113208,0.3123028706624605,0.5392491552901023,0.0813008943089431,0.1025641391941392,0.2582025678316691,
1,0.5631579210526316,0.8794466600790516,0.5133690374331550,0.5876288711340206,0.2500000010869565,0.2620690000000000,0.0611814556962025,0.9056605660377358,0.3596214826498423,0.5648464249146757,0.0975610569105691,0.0769231135531135,0.3188302425820257,
1,0.7394737105263157,0.6679842094861660,0.5454545989304812,0.4587628917525773,0.2065217402173913,0.2827586551724138,0.1033755485232067,0.6603775471698112,0.3627760567823344,0.6595563225255973,0.0731708130081301,0.1355311721611721,0.1440798859486448,
1,0.3736842368421052,0.4525691897233202,0.6844920320855615,0.8453608298969073,0.2934782619565218,0.3172414137931034,0.0506329324894515,0.9433964150943395,0.2302839432176656,0.5307167320819113,0.1544716260162602,0.1684982051282051,0.4293865906562054,
1,0.8710526578947367,0.1857707707509881,0.7165775935828879,0.7422680463917526,0.3043478271739131,0.6275862413793103,0.2046413713080169,0.7547171698113208,0.7223975078864353,1.0000000085324232,0.0731708130081301,0.2527472893772894,0.2724679030670471,
1,0.6447368684210527,0.1837944861660079,0.6844920320855615,0.6134020670103093,0.2065217402173913,0.5586207241379311,0.1603375738396624,0.7358492452830189,0.5930599684542588,0.8933447184300340,0.0731708130081301,0.1868132234432234,0.2439372325962910,
1,0.3500000263157895,0.6106719565217391,0.5454545989304812,0.5360824793814434,0.1956521750000000,0.4551724482758621,0.1223628902953586,0.6981133962264151,0.1987382018927445,0.5435153668941980,0.0650407317073171,0.1135531501831502,0.1726105564194009,
1,0.7000000263157894,0.4980237351778655,0.6310160962566845,0.4845360876288660,0.4021739141304348,0.2931034827586207,0.0464135232067511,0.6981133962264151,0.1230284227129338,0.3924914761092150,0.3902439837398374,0.2014652380952381,0.2867332383024251,
1,0.4789473947368421,0.5000000197628459,0.6524064705882353,0.5876288711340206,0.3913043489130435,0.2310345172413793,0.0548523417721519,0.8867926415094338,0.1735016088328076,0.3668942064846416,0.3170732520325204,0.3076923443223443,0.2082738945078460,
1,0.5078947631578951,0.5355731422924901,0.5294118181818182,0.4072165000000000,0.3913043489130435,0.1413793448275862,0.0759493881856540,0.5094341509433963,0.1671924605678233,0.3412969368600683,0.1626017073170732,0.1758242124542125,0.2831669044935806,
1,0.7236842368421050,0.3992095059288537,0.5026738502673795,0.5876288711340206,0.2173913054347826,0.1275862413793104,0.0717299789029536,0.5283020754716980,0.1955836277602524,0.7081911348122867,0.1788618699186992,0.1501831868131868,0.2403708987874465,
1,0.7105263421052632,0.7154150395256917,0.4812834759358287,0.6134020670103093,0.1956521750000000,0.1034483103448276,0.0274261814345991,0.7358492452830189,0.2334385173501577,0.4556314078498294,0.2439025203252033,0.1758242124542125,0.1726105564194009,
1,0.6368421315789472,0.5849802569169961,0.6631016577540108,0.6391752628865980,0.4456521750000000,0.2482758965517241,0.1223628902953586,0.5660379245283018,0.3312303154574133,0.8020477901023890,0.3008130894308943,0.1062271428571429,0.2974322397289587,
1,0.4710526578947370,0.5197628656126482,0.5026738502673795,0.4587628917525773,0.1956521750000000,0.1724138275862069,0.0675105696202532,0.5094341509433963,0.1766561829652997,0.7662116126279863,0.1951220325203252,0.1758242124542125,0.2902995721112696,
1,0.6710526578947369,0.3636363833992096,0.7112300000000000,0.7164948505154639,0.3804347836956522,0.1965517586206897,0.1054852531645570,0.4905662264150943,0.3564669085173502,0.6296928412969283,0.2113821951219512,0.1941392307692308,0.3366619116262483,
1,0.6236842368421054,0.7628458695652173,0.8021390909090909,0.7422680463917526,0.4565217402173913,0.3448276206896552,0.1308017088607595,0.2641511320754717,0.2208202208201893,0.6160409641638225,0.1544716260162602,0.2380952747252747,0.2510699002139801,
1,0.3078947631578947,0.4525691897233202,0.5133690374331550,0.4329896958762887,0.2826086967391305,0.0931034827586207,0.0316455907172996,0.5094341509433963,0.1009464037854890,0.3600682679180887,0.1463415447154472,0.2051282417582418,0.1654778888017118,
1,0.4578947631578947,0.3260869762845851,0.4919786631016041,0.4587628917525773,0.1739130445652174,0.1413793448275862,0.0358650000000000,0.6603775471698112,0.0725552365930600,0.7354948037542662,0.0731708130081301,0.1318681684981685,0.1369472183309558,
1,0.8236842368421052,0.3498023913043478,0.5989305347593583,0.4845360876288660,0.2282608706521739,0.2413793448275862,0.0759493881856540,0.5849058490566037,0.2618296845425868,0.7184300426621160,0.1138212195121951,0.1611721978021978,0.2724679030670471,
1,0.7052631842105266,0.9703557509881424,0.5828877540106953,0.5103092835051547,0.2717391315217391,0.2413793448275862,0.0569620464135021,0.7358492452830189,0.2050473501577287,0.5477815784982935,0.1300813821138212,0.1721612087912088,0.3295292440085592,
1,0.6236842368421054,0.6264822332015810,0.5989305347593583,0.6391752628865980,0.3478260880434783,0.2827586551724138,0.0864979113924051,0.5660379245283018,0.3154574447949527,0.5136518856655290,0.1788618699186992,0.1062271428571429,0.3366619116262483,
1,0.5894737105263157,0.6996047628458498,0.4812834759358287,0.4845360876288660,0.5434782619565217,0.2103448620689656,0.0738396835443038,0.5660379245283018,0.2965300000000000,0.7610921587030716,0.0894309756097561,0.1062271428571429,0.3972895863766048,
1,0.5631579210526316,0.3656126679841897,0.5401070053475937,0.4845360876288660,0.5434782619565217,0.2310345172413793,0.0717299789029536,0.7547171698113208,0.3312303154574133,0.6843003498293515,0.0975610569105691,0.1282051648351649,0.4008559201854494,
1,0.8157895000000002,0.6640316403162054,0.7379679679144386,0.7164948505154639,0.2826086967391305,0.3689655517241379,0.0886076160337553,0.8113209433962265,0.2965300000000000,0.6757679266211604,0.1056911382113821,0.1208791575091575,0.2011412268901569,
2,0.8421052894736842,0.1916996245059288,0.5721925668449199,0.2577319639175258,0.6195652184782608,0.6275862413793103,0.5738396835443038,0.2830190566037736,0.5930599684542588,0.3720136604095563,0.4552846341463415,0.9706960073260072,0.5613409415834522,
2,0.5710526578947367,0.2055336166007906,0.4171123529411765,0.0309278402061856,0.3260869576086957,0.5758621034482759,0.5105485443037974,0.2452832075471698,0.2744479810725553,0.2645051279863481,0.4634147154471545,0.7802198168498168,0.5506419401569187,
2,0.5605263421052632,0.3201581225296443,0.7005348128342246,0.4123711391752578,0.3369565228260870,0.6275862413793103,0.6118143670886076,0.3207549056603773,0.7570978233438486,0.3754266296928328,0.4471545528455285,0.6959707326007326,0.6469329529957204,
2,0.8789473947368419,0.2391304545454546,0.6096257219251338,0.3195876340206186,0.4673913054347826,0.9896552068965517,0.6645569831223629,0.2075473584905660,0.5583596529968455,0.5563140017064846,0.3089431707317074,0.7985348351648351,0.8573466477175464,
2,0.5815789736842106,0.3656126679841897,0.8074866844919787,0.5360824793814434,0.5217391315217391,0.6275862413793103,0.4957806118143460,0.4905662264150943,0.4447949842271294,0.2593856740614334,0.4552846341463415,0.6080586446886448,0.3259629101997147,
2,0.8342105526315787,0.2015810474308301,0.5828877540106953,0.2371134072164949,0.4565217402173913,0.7896552068965517,0.6434599367088607,0.3962266037735849,0.4921135962145111,0.4667235580204778,0.4634147154471545,0.5787546153846155,0.8359486448644794,
2,0.8842105526315791,0.2233201778656127,0.5828877540106953,0.2061855721649485,0.2826086967391305,0.5241379655172415,0.4599156329113924,0.3207549056603773,0.4952681703470032,0.3387372098976109,0.4390244715447155,0.8461538827838827,0.7218259629814551,
2,0.7973684473684212,0.2786561462450593,0.6684492513368984,0.3608247474226806,0.5543478271739131,0.5586207241379311,0.4578059282700421,0.3396228301886792,0.2649842586750789,0.3216723634812286,0.4715447967479675,0.8461538827838827,0.7253922967902996,
2,1.0000000263157893,0.1778656324110672,0.4331551336898395,0.1752577371134021,0.2934782619565218,0.6275862413793103,0.5569620464135021,0.3018869811320754,0.4952681703470032,0.3344709982935153,0.4878049593495936,0.5787546153846155,0.5470756063480742,
2,0.7447368684210525,0.1205533794466403,0.4866310695187165,0.2783505206185568,0.3043478271739131,0.6896552068965517,0.5928270253164556,0.1698115094339623,0.4542587066246058,0.5068259470989761,0.4308943902439024,0.8351648717948716,0.5470756063480742,
2,0.8078947631578947,0.2806324308300396,0.5026738502673795,0.3814433041237114,0.3804347836956522,0.6793103793103449,0.6286920042194092,0.1698115094339623,0.6214511356466877,0.3813993259385665,0.6260163414634146,0.6959707326007326,0.8787446505706135,
2,0.8131579210526313,0.1462450790513834,0.5133690374331550,0.3195876340206186,0.2717391315217391,0.4206896896551725,0.4409282911392405,0.2452832075471698,0.3659306309148266,0.3174061518771331,0.5609756910569105,0.5677656043956043,0.7146932953637660,
2,0.7157895000000000,0.1956521936758893,0.5614973796791445,0.2783505206185568,0.2065217402173913,0.5586207241379311,0.5105485443037974,0.3018869811320754,0.4416404100946373,0.3686006911262798,0.5447155284552845,0.5970696336996337,0.7432239658345222,
2,0.9789473947368420,0.1956521936758893,0.5508021925133690,0.0412371185567011,0.2282608706521739,0.7310345172413794,0.7067510759493670,0.5660379245283018,0.7570978233438486,0.3515358447098976,0.6260163414634146,0.5347985714285715,0.6219686163338088,
2,0.8815789736842107,0.2233201778656127,0.5454545989304812,0.0721649536082474,0.3478260880434783,0.8000000344827586,0.6962025527426160,0.3018869811320754,0.8044164353312302,0.5307167320819113,0.5853659349593495,0.6336996703296703,0.9051355207560629,
2,0.6842105526315791,0.2114624703557313,0.7165775935828879,0.3402061907216495,0.4565217402173913,0.6448276206896553,0.5421941139240506,0.3207549056603773,0.3312303154574133,0.5136518856655290,0.6504065853658536,0.5897436263736263,0.7360912982168332,
2,0.8605263421052634,0.2332016007905139,0.7272727807486632,0.4845360876288660,0.5434782619565217,0.6275862413793103,0.5907173206751055,0.3773586792452831,0.4921135962145111,0.4197952303754266,0.4796748780487805,0.5054945421245421,0.7146932953637660,
2,0.7368421315789474,0.1640316403162055,0.6737968449197862,0.4845360876288660,0.4891304358695652,0.6793103793103449,0.6455696413502109,0.5094341509433963,0.4132492429022083,0.4539249232081911,0.5284553658536584,0.4761905128205128,0.6077032810984307,
2,0.8315789736842104,0.1679842094861660,0.5989305347593583,0.3041237164948454,0.4130434793478261,0.8000000344827586,0.7573839873417721,0.3584907547169811,0.4574132807570979,0.6331058105802047,0.6097561788617886,0.5677656043956043,1.0000000000713267,
2,0.6868421315789475,0.4664031818181819,0.6417112834224600,0.2371134072164949,0.5000000010869565,0.5931034827586208,0.5675105696202531,0.0754718867924528,0.3943217981072555,0.3259385750853241,0.3902439837398374,0.7655678021978021,0.4044222539942938,
2,0.7973684473684212,0.1758893478260870,0.4919786631016041,0.2783505206185568,0.6086956532608696,0.6965517586206896,0.5970464345991561,0.2075473584905660,0.5331230599369086,0.3728669027303754,0.4959350406504066,0.8937729304029304,0.3580599144793153,
2,0.5000000263157894,0.6047431027667983,0.6898396256684491,0.4123711391752578,0.3478260880434783,0.4931034827586208,0.4367088818565401,0.2264152830188679,0.4952681703470032,0.2747440358361774,0.4471545528455285,0.8241758608058608,0.3509272468616262,
2,0.7052631842105266,0.2213438932806325,0.5347594117647059,0.3092783556701032,0.3369565228260870,0.5620690000000000,0.5358649999999999,0.2641511320754717,0.4037855205047319,0.2150170733788395,0.5121952032520326,1.0000000366300366,0.5399429387303851,
2,0.4789473947368421,0.1699604940711463,0.6203209090909091,0.3711340257731960,0.2717391315217391,0.5172414137931035,0.4282700632911393,0.2452832075471698,0.3312303154574133,0.2261092235494881,0.4959350406504066,0.8644689010989010,0.5256776034950071,
2,0.6500000263157895,0.2114624703557313,0.6684492513368984,0.4845360876288660,0.2826086967391305,0.5344827931034483,0.4789029746835443,0.2830190566037736,0.3943217981072555,0.1911262883959044,0.5203252845528455,0.9340659706959705,0.4044222539942938,
2,0.5315789736842107,0.2588933003952569,0.9946524598930483,0.7422680463917526,0.5869565228260870,0.5689655517241380,0.4936709071729958,0.6415096226415093,0.4763407255520505,0.1962457423208191,0.5284553658536584,0.7069597435897437,0.3937232525677603,
2,0.6210526578947370,0.2035573320158103,0.6737968449197862,0.2835051597938146,0.2500000010869565,0.6448276206896553,0.5485232278481013,0.3962266037735849,0.3280757413249212,0.3003413054607508,0.3577236585365854,0.7142857509157510,0.6540656206134093,
2,0.5973684473684212,0.1936759090909091,0.4171123529411765,0.3298969123711341,0.2608695663043478,0.4896552068965517,0.3902953797468354,0.2641511320754717,0.2965300000000000,0.2278157081911263,0.4390244715447155,0.5494505860805861,0.7182596291726105,
2,0.7473684473684208,0.2292490316205534,0.7700535294117646,0.4536082525773195,0.4021739141304348,0.6793103793103449,0.5548523417721519,0.4528303773584905,0.4258675394321767,0.2747440358361774,0.6260163414634146,0.7802198168498168,0.4543509273181169,
2,0.7868421315789472,0.1857707707509881,0.4545455080213903,0.2783505206185568,0.2826086967391305,0.5758621034482759,0.4198312447257384,0.2452832075471698,0.4952681703470032,0.2918088822525597,0.4552846341463415,0.8498168864468864,0.5399429387303851,
2,0.7105263421052632,0.1501976482213439,0.7165775935828879,0.6134020670103093,0.3369565228260870,0.6965517586206896,0.6139240717299578,0.3018869811320754,0.6214511356466877,0.3771331143344710,0.5772358536585365,0.5274725641025642,0.7182596291726105,
2,0.6710526578947369,0.1818182015810277,0.5347594117647059,0.4381443350515465,0.3913043489130435,0.6482758965517241,0.6012658438818564,0.1698115094339623,0.4858044479495269,0.4795221928327645,0.4959350406504066,0.5897436263736263,0.8823109843794580,
2,0.6973684473684210,0.2154150395256917,0.5347594117647059,0.3402061907216495,0.3695652184782609,0.4965517586206897,0.4957806118143460,0.5471699999999999,0.4921135962145111,0.2184300426621160,0.6097561788617886,0.5860806227106228,0.5078459344507845,
2,0.7184210789473684,0.1561265019762846,0.7165775935828879,0.4587628917525773,0.6739130445652174,0.6793103793103449,0.5063291350210971,0.6981133962264151,0.2965300000000000,0.3515358447098976,0.6260163414634146,0.6336996703296703,0.6825962910841654,
2,0.6526316052631579,0.2094861857707510,0.6898396256684491,0.4329896958762887,0.4347826097826087,0.4724138275862070,0.4620253375527426,0.3018869811320754,0.3564669085173502,0.2491467662116041,0.5040651219512196,0.5860806227106228,0.5827389444365192,
2,0.6447368684210527,0.2114624703557313,0.5614973796791445,0.5103092835051547,0.3260869576086957,0.5931034827586208,0.5569620464135021,0.2452832075471698,0.4574132807570979,0.3259385750853241,0.4552846341463415,0.8058608424908426,0.4579172611269615,
2,0.5921052894736840,0.1778656324110672,0.7914439037433154,0.2525773247422681,0.4347826097826087,0.5586207241379311,0.4936709071729958,0.3962266037735849,0.2996845741324922,0.2832764590443685,0.4959350406504066,0.5531135897435897,0.4293865906562054,
2,0.5315789736842107,0.1798419169960474,0.6363636898395721,0.3814433041237114,0.3043478271739131,0.5068965862068967,0.4409282911392405,0.3018869811320754,0.3249211671924291,0.2534129778156996,0.5203252845528455,0.4542124908424908,0.5898716120542082,
2,0.5368421315789474,0.1501976482213439,0.3957219786096257,0.2525773247422681,0.3043478271739131,0.4896552068965517,0.4852320886075949,0.2830190566037736,0.3028391482649843,0.2064846501706484,0.5691057723577235,0.5201465567765567,0.5292439373038517,
2,0.8394737105263159,0.6422925098814230,0.6149733155080213,0.1340206237113402,0.6304347836956522,0.6965517586206896,0.5696202742616033,0.1320756603773585,0.5268139116719244,0.3259385750853241,0.3333334146341464,0.8278388644688643,0.3437945792439373,
2,0.6657895000000001,0.1916996245059288,0.5080214438502674,0.2886597989690722,0.5108695663043479,0.7482758965517241,0.6223628902953586,0.3962266037735849,0.6088328391167193,0.4138225341296928,0.3821139024390244,0.7728938095238094,0.3687589159058488,
2,0.6263158157894737,0.6126482411067193,0.4064171657754011,0.4226804175257732,0.2173913054347826,0.5068965862068967,0.4936709071729958,0.2641511320754717,0.3375394637223975,0.2559727047781570,0.3495935772357724,0.6336996703296703,0.5399429387303851,
2,0.7500000263157897,0.2272727470355731,0.6577540641711229,0.2268041288659794,0.3369565228260870,0.7827586551724137,0.6793249156118143,0.0754718867924528,0.4069400946372240,0.3540955716723549,0.3252033333333333,0.8388278754578754,0.5827389444365192,
2,0.5315789736842107,0.2035573320158103,0.3957219786096257,0.3298969123711341,0.4021739141304348,0.6965517586206896,0.5611814556962025,0.2830190566037736,0.5110410410094637,0.3208191211604095,0.3252033333333333,0.7619047985347985,0.4329529244650499,
2,0.8368421315789476,0.6521739328063241,0.5775401604278074,0.4278350567010309,0.4456521750000000,0.6448276206896553,0.4873417932489451,0.3207549056603773,0.2649842586750789,0.3378839675767918,0.3170732520325204,0.7545787912087911,0.5720399430099857,
2,0.8815789736842107,0.5632411264822134,0.4919786631016041,0.2783505206185568,0.3478260880434783,0.7827586551724137,0.5970464345991561,0.2641511320754717,0.5615142271293376,0.3088737286689420,0.4552846341463415,0.7948718315018314,0.5613409415834522,
2,0.7552631842105264,0.1857707707509881,0.4064171657754011,0.2783505206185568,0.3369565228260870,0.7310345172413794,0.6434599367088607,0.1509435849056603,0.5457413564668770,0.4112628071672355,0.3495935772357724,0.7545787912087911,0.5042796006419401,
2,0.8078947631578947,0.2529644466403163,0.5561497860962566,0.4226804175257732,0.3586956532608696,0.6103448620689655,0.5443038185654008,0.3584907547169811,0.6214511356466877,0.4197952303754266,0.4796748780487805,0.5421245787545788,0.5577746077746076,
2,0.7657894999999999,0.1956521936758893,0.4866310695187165,0.3505154690721649,0.4130434793478261,0.6551724482758621,0.6751055063291139,0.3584907547169811,0.5268139116719244,0.6501706569965870,0.5203252845528455,0.6703297069597071,0.7004279601283880,
2,0.5315789736842107,0.1956521936758893,0.3636364171122994,0.0927835103092784,0.2391304358695652,0.6000000344827587,0.6181434810126581,0.0754718867924528,0.7886435646687697,0.5051194624573379,0.5203252845528455,0.6007326373626374,0.6219686163338088,
2,0.7368421315789474,0.1798419169960474,0.6631016577540108,0.3402061907216495,0.2608695663043478,0.5068965862068967,0.5590717510548523,0.1698115094339623,0.5930599684542588,0.3686006911262798,0.6178862601626016,0.7692308058608058,0.7039942939372325,
2,0.7342105526315790,0.1996047628458498,0.5668449732620321,0.1752577371134021,0.4456521750000000,1.0000000344827586,0.7172995991561182,0.3584907547169811,0.4605678548895900,0.4923208276450511,0.4308943902439024,0.7289377655677655,0.6504992868045649,
2,0.7210526578947367,0.2292490316205534,0.7058824064171124,0.3350515515463919,0.4891304358695652,0.6965517586206896,0.5168776582278480,0.4905662264150943,0.4006309463722398,0.4283276535836177,0.5284553658536584,0.6080586446886448,0.7824536377318118,
2,0.7131579210526316,0.1837944861660079,0.4759358823529412,0.2989690773195876,0.5217391315217391,0.5586207241379311,0.5400844092827004,0.1509435849056603,0.3817035015772872,0.3899317491467577,0.3577236585365854,0.7069597435897437,0.5577746077746076,
2,0.6657895000000001,0.1956521936758893,0.5882353475935829,0.5103092835051547,0.5000000010869565,0.6827586551724139,0.5147679535864979,0.1320756603773585,0.6435331545741325,0.4240614419795222,0.4065041463414634,0.6446886813186813,0.6005706134807418,
2,0.8394737105263159,0.1897233399209486,0.5026738502673795,0.2938144381443300,0.5217391315217391,0.7655172758620690,0.5611814556962025,0.2452832075471698,0.5110410410094637,0.4351535921501706,0.3739838211382114,0.7472527838827838,0.4935805992154065,
2,0.5947368684210524,0.2430830237154150,0.7058824064171124,0.3195876340206186,0.3478260880434783,0.6965517586206896,0.6097046624472573,0.3396228301886792,0.3943217981072555,0.4027303839590444,0.4796748780487805,0.5750916117216117,0.7075606277460770,
2,0.7078947631578949,0.1363636561264822,0.6096257219251338,0.3144329948453609,0.4130434793478261,0.8344827931034482,0.7025316666666667,0.1132077358490566,0.5141956151419559,0.4709897696245733,0.3333334146341464,0.5860806227106228,0.7182596291726105,
2,0.5157895000000001,0.1837944861660079,0.6631016577540108,1.0000000051546392,0.7500000010869564,0.8000000344827586,0.5379747046413502,0.1509435849056603,0.4889590220820190,0.1766211689419795,0.6747968292682927,0.8168498534798534,0.5042796006419401,
2,0.3789473947368424,0.1541502173913044,0.4491979144385027,0.4329896958762887,1.0000000010869565,0.5241379655172415,0.4071730168776371,0.3584907547169811,0.9053628075709778,0.1126279948805461,0.5528456097560974,0.4981685347985348,0.4700427960770328,
3,0.5815789736842106,0.6403162252964427,0.4973262566844919,0.3556701082474227,0.3586956532608696,0.5724138275862070,0.4831223839662447,0.3584907547169811,0.3943217981072555,0.2627986433447099,0.2764228455284553,0.6336996703296703,0.2867332383024251,
3,0.3526316052631578,0.0395257114624506,0.0000000534759358,0.0000000051546392,0.1956521750000000,0.3448276206896552,0.0485232278481013,0.2830190566037736,0.0031546056782334,0.0571672440273037,0.4634147154471545,0.2014652380952381,0.1726105564194009,
3,0.6947368684210526,0.1007905335968379,0.2994652941176469,0.3814433041237114,0.2608695663043478,0.3862069310344828,0.3059071940928270,0.3584907547169811,0.1009464037854890,0.2150170733788395,0.6097561788617886,0.4358974725274725,0.2510699002139801,
3,0.3526316052631578,0.0770751185770751,0.4278075401069519,0.4329896958762887,0.1847826097826087,0.8689655517241379,0.5822785021097047,0.1132077358490566,0.4605678548895900,0.2704778242320819,0.6016260975609755,0.5860806227106228,0.1012838802425107,
3,0.3000000263157896,0.1403162252964427,0.6256685026737967,0.4329896958762887,0.3695652184782609,0.3137931379310345,0.2974683755274262,0.6037737735849057,0.1955836277602524,0.1424914761092150,0.7886179674796747,0.3516483882783882,0.0549215407275321,
3,0.3526316052631578,0.0928853952569170,0.6417112834224600,0.3865979432989692,0.3043478271739131,0.4965517586206897,0.4873417932489451,0.4528303773584905,0.5268139116719244,0.2832764590443685,0.5772358536585365,0.3772894139194139,0.2853067047788873,
3,0.5473684473684209,0.0533597035573123,0.1818182352941176,0.2268041288659794,0.0869565228260869,0.6896552068965517,0.5991561392405064,0.2452832075471698,0.5899053943217666,0.3430034215017064,0.5203252845528455,0.6996337362637364,0.1597717547075606,
3,0.3526316052631578,0.0849802569169960,0.2994652941176469,0.4639175309278352,0.0869565228260869,0.3896552068965517,0.3502109915611814,0.2641511320754717,0.1987382018927445,0.2901023976109214,0.5203252845528455,0.8095238461538461,0.1654778888017118,
3,0.3105263421052635,0.0889328260869565,0.2085562032085561,0.3195876340206186,0.8804347836956521,0.3000000344827586,0.1983122573839662,0.0188681132075472,0.6593060252365930,0.1339590529010239,0.6504065853658536,0.6593406959706959,0.3138373752496434,
3,0.7447368684210525,0.1521739328063241,0.7005348128342246,0.7422680463917526,0.1739130445652174,0.6793103793103449,0.5316455907172996,0.1509435849056603,0.4605678548895900,0.1791808959044368,0.7154472357723578,0.6923077289377290,0.0941512126248217,
3,0.6473684473684211,0.1818182015810277,0.4705882887700535,0.6907216546391753,0.1847826097826087,0.3103448620689655,0.3164557172995781,0.2641511320754717,0.1955836277602524,0.2098976194539249,0.4065041463414634,0.5531135897435897,0.1383737518544936,
3,0.2447368684210530,0.0691699802371542,0.5026738502673795,0.5360824793814434,0.3369565228260870,0.8275862413793103,0.3797468565400844,0.0000001886792453,0.3911672239747634,0.1646757764505119,0.4146342276422764,0.6813187179487179,0.4336661912268188,
3,0.1657895000000002,0.2252964624505929,0.2994652941176469,0.2783505206185568,0.2934782619565218,0.2172414137931035,0.2594936919831223,0.3962266037735849,0.2334385173501577,0.2150170733788395,0.6097561788617886,0.3186813553113553,0.1069900143366619,
3,0.5263158157894735,0.0316205731225297,0.1871658288770053,0.2783505206185568,0.1739130445652174,0.3344827931034483,0.3565401054852320,0.2075473584905660,0.3312303154574133,0.2832764590443685,0.5772358536585365,0.4432234798534799,0.0813124109129815,
3,0.2131579210526317,0.4249012055335969,0.4652406951871657,0.3814433041237114,0.4565217402173913,0.2551724482758621,0.2067510759493671,0.5660379245283018,0.1703470347003155,0.1168942064846416,0.3902439837398374,0.4578754945054945,0.1583452211840228,
3,0.3421052894736844,0.0494071343873518,0.3155080748663101,0.2164948505154640,0.7173913054347826,0.3172414137931034,0.3185654219409283,0.4150945283018867,0.7413249526813879,0.1808873805460751,0.4715447967479675,0.3809524175824176,0.3366619116262483,
3,0.4394737105263157,0.6185770948616601,0.5561497860962566,0.6391752628865980,0.3369565228260870,0.6379310689655173,0.4662447468354430,0.5660379245283018,0.4858044479495269,0.1100682679180887,0.5772358536585365,0.6813187179487179,0.1319543509985735,
3,0.2552631842105264,0.0355731422924901,0.3422460427807486,0.4329896958762887,0.1739130445652174,0.4965517586206897,0.4050633122362868,0.3207549056603773,0.3217665930599369,0.1040955716723550,0.7317073983739837,0.6776557142857144,0.0000000000713267,
3,0.4447368684210529,0.2114624703557313,0.4491979144385027,0.4226804175257732,0.1739130445652174,0.4206896896551725,0.4620253375527426,0.2452832075471698,0.4290221135646689,0.2235494965870307,0.5528456097560974,0.6849817216117217,0.3109843082025678,
3,0.2763158157894738,0.0770751185770751,0.6149733155080213,0.6907216546391753,0.0869565228260869,0.3517241724137932,0.2616033966244726,0.5094341509433963,0.3123028706624605,0.0784983020477816,0.6747968292682927,0.5311355677655678,0.2510699002139801,
3,0.2131579210526317,0.0296442885375494,0.6524064705882353,0.3814433041237114,0.2608695663043478,0.4206896896551725,0.3945147890295359,0.1698115094339623,0.6119874132492115,0.1510238993174061,0.2520326016260163,0.6630036996336997,0.1726105564194009,
3,0.4315789736842106,0.0474308498023715,0.4705882887700535,0.3814433041237114,0.3152173923913044,0.4206896896551725,0.3375527637130801,0.3207549056603773,0.3312303154574133,0.1143344795221843,0.6097561788617886,0.6923077289377290,0.1226818830955778,
3,0.2973684473684212,0.1719367786561265,0.5080214438502674,0.6288659845360826,0.2173913054347826,0.2758621034482759,0.2848101476793249,0.5660379245283018,0.3627760567823344,0.0998293600682594,0.6910569918699188,0.3626373992673992,0.1547788873751783,
3,0.1631579210526318,0.1837944861660079,0.6737968449197862,0.7938144381443300,0.1956521750000000,0.3241379655172413,0.2679325105485232,0.5094341509433963,0.2933754258675079,0.1126279948805461,0.7154472357723578,0.7106227472527472,0.2025677604136947,
3,0.1605263421052634,0.2608695849802372,0.5882353475935829,0.5670103144329898,0.1521739141304348,0.3344827931034483,0.2848101476793249,0.6603775471698112,0.2965300000000000,0.1296928412969283,0.4227643089430894,0.5421245787545788,0.2867332383024251,
3,0.2763158157894738,0.1166008102766799,0.5026738502673795,0.6701030979381445,0.0000000010869565,0.4206896896551725,0.2637131012658228,0.5471699999999999,0.3059937223974763,0.0392491552901024,0.4796748780487805,0.7106227472527472,0.2475035664051355,
3,0.2763158157894738,0.2154150395256917,0.5133690374331550,0.4072165000000000,0.1195652184782609,0.2137931379310345,0.2447257594936709,0.7358492452830189,0.3880126498422713,0.0955631484641638,0.4878049593495936,0.3663004029304030,0.1440798859486448,
3,0.2552631842105264,0.1521739328063241,0.5668449732620321,0.5876288711340206,0.1739130445652174,0.1620690000000000,0.1919831434599156,0.6981133962264151,0.3848580757097792,0.1979522269624573,0.4634147154471545,0.5054945421245421,0.1226818830955778,
3,0.3315789736842104,0.4130434980237154,0.4598931016042782,0.3814433041237114,0.1956521750000000,0.5068965862068967,0.4029536075949367,0.2264152830188679,0.4984227444794953,0.0742320904436860,0.5447155284552845,0.7435897802197801,0.0085592012125535,
3,0.1552631842105262,0.2470355928853755,0.4919786631016041,0.3814433041237114,0.3043478271739131,0.7034483103448276,0.4050633122362868,0.0754718867924528,0.2965300000000000,0.1680887457337884,0.5528456097560974,0.6190476556776556,0.0477888731098431,
3,0.2052631842105266,0.2727272924901186,0.7379679679144386,0.5618556752577320,0.6956521750000000,0.2137931379310345,0.1371308227848101,0.0188681132075472,0.3627760567823344,0.1040955716723550,0.3821139024390244,0.3626373992673992,0.2475035664051355,
3,0.3315789736842104,0.1324110869565217,0.3315508556149732,0.2783505206185568,0.1630434793478261,0.5413793448275862,0.4556962236286919,0.3018869811320754,0.4290221135646689,0.1382252645051194,0.6097561788617886,0.5384615750915752,0.1069900143366619,
3,0.3526316052631578,0.0652174110671937,0.3957219786096257,0.4072165000000000,0.1956521750000000,0.8758621034482759,0.7194093037974684,0.2075473584905660,0.4858044479495269,0.2747440358361774,0.4552846341463415,0.5494505860805861,0.2724679030670471,
3,0.3315789736842104,0.4802371739130434,0.4545455080213903,0.3814433041237114,0.1956521750000000,0.6448276206896553,0.5590717510548523,0.6037737735849057,0.7570978233438486,0.0870307252559727,0.7642277235772357,0.5714286080586081,0.0912981455777461,
3,0.2763158157894738,0.2648221541501977,0.1818182352941176,0.3556701082474227,0.2934782619565218,0.4310345172413794,0.3860759704641350,0.2452832075471698,0.3123028706624605,0.1723549573378839,0.6422765040650407,0.6190476556776556,0.3081312411554922,
3,0.4131579210526316,0.1185770948616601,0.2887701069518716,0.4072165000000000,0.1956521750000000,0.1620690000000000,0.2151898945147679,0.3018869811320754,0.2965300000000000,0.0998293600682594,0.4552846341463415,0.5494505860805861,0.2025677604136947,
3,0.3447368684210527,0.3379446837944665,0.5882353475935829,0.5360824793814434,0.3043478271739131,0.5448276206896552,0.3734177426160337,0.3962266037735849,0.2839117034700316,0.1296928412969283,0.2601626829268293,0.7728938095238094,0.1141226819543509,
3,0.2078947631578949,0.1936759090909091,0.2780749197860962,0.4587628917525773,0.1739130445652174,0.5241379655172415,0.2742616244725738,0.4528303773584905,0.3186120189274448,0.0665529095563140,0.3739838211382114,0.4285714652014652,0.0977175464336662,
3,0.3894737105263159,0.1956521936758893,0.3315508556149732,0.5103092835051547,0.1630434793478261,0.4206896896551725,0.3333333544303797,0.3584907547169811,0.3375394637223975,0.1416382337883959,0.4552846341463415,0.8424908791208790,0.2810271042082739,
3,0.3657895000000001,0.3577075296442688,0.4866310695187165,0.5876288711340206,0.2173913054347826,0.2413793448275862,0.3164557172995781,1.0000001886792451,0.3186120189274448,0.1211604180887372,0.3089431707317074,0.7435897802197801,0.0263908702567760,
3,0.3210526578947370,0.1956521936758893,0.4064171657754011,0.4329896958762887,0.1086956532608696,0.2310345172413793,0.3565401054852320,0.4528303773584905,0.3848580757097792,0.1808873805460751,0.4227643089430894,0.6959707326007326,0.1654778888017118,
3,0.4447368684210529,0.1996047628458498,0.4919786631016041,0.6134020670103093,0.1521739141304348,0.1379310689655172,0.2995780801687764,0.6603775471698112,0.3848580757097792,0.1723549573378839,0.3252033333333333,0.4212454578754579,0.1497860200427960,
3,0.3131579210526319,0.1086956719367589,0.3101604812834224,0.4329896958762887,0.2391304358695652,0.4758621034482758,0.3586498101265823,0.4905662264150943,0.5268139116719244,0.1211604180887372,0.3089431707317074,0.6410256776556776,0.0242510699714693,
3,0.1526316052631579,0.1205533794466403,0.7165775935828879,0.4845360876288660,0.2608695663043478,0.6068965862068967,0.5443038185654008,0.3018869811320754,0.6561514511041009,0.1168942064846416,0.3902439837398374,0.7289377655677655,0.2867332383024251,
3,0.1131579210526320,0.5928853952569170,0.2459893582887701,0.4587628917525773,0.4021739141304348,0.7586207241379310,0.4725738607594937,0.2075473584905660,1.0000000315457414,0.1382252645051194,0.2195122764227643,0.5641026007326008,0.2025677604136947,
3,0.3921052894736842,0.3339921146245060,0.4331551336898395,0.5360824793814434,0.1956521750000000,0.5413793448275862,0.4071730168776371,0.2452832075471698,0.2555205362776025,0.0614334556313993,0.3414634959349594,0.5531135897435897,0.0335235378744651,
3,0.1921052894736843,0.3833992292490119,0.8342246524064171,0.4845360876288660,0.3586956532608696,0.2655172758620690,0.3565401054852320,0.8867926415094338,0.2018927760252366,0.2150170733788395,0.6097561788617886,0.4505494871794872,0.2346647646932953,
3,0.1000000263157897,0.0000000197628458,0.6096257219251338,0.5360824793814434,0.1956521750000000,0.5172414137931035,0.3523206962025316,0.5471699999999999,0.3249211671924291,0.1535836262798635,0.5040651219512196,0.3809524175824176,0.1112696149072753,
3,0.2763158157894738,0.1284585177865613,0.6096257219251338,0.6134020670103093,0.1521739141304348,0.5448276206896552,0.4113924261603376,0.5660379245283018,0.1987382018927445,0.1382252645051194,0.3658537398373984,0.7032967399267399,0.0763195435805991,
3,0.0000000263157895,0.1521739328063241,0.4491979144385027,0.5618556752577320,0.1630434793478261,0.5103448620689656,0.3860759704641350,0.7358492452830189,0.5047318927444795,0.0529010324232082,1.0000000813008130,0.5860806227106228,0.0920114123395150,
3,0.2078947631578949,0.1442687944664032,0.3368984491978609,0.5257732010309280,0.1739130445652174,0.3448276206896552,0.2658228059071730,0.3207549056603773,0.3533123343848581,0.0571672440273037,0.3821139024390244,0.7545787912087911,0.1547788873751783,
3,0.3657895000000001,0.1719367786561265,0.4438503208556149,0.6134020670103093,0.4130434793478261,0.3517241724137932,0.3691983333333333,0.3962266037735849,0.3785489274447950,0.0665529095563140,0.4715447967479675,0.6190476556776556,0.0477888731098431,
3,0.2552631842105264,0.5316205731225297,0.3422460427807486,0.4329896958762887,0.1847826097826087,0.3517241724137932,0.2742616244725738,0.4528303773584905,0.4605678548895900,0.0000000085324232,0.3658537398373984,0.6520146886446886,0.2039942939372325,
3,0.1105263421052631,0.3280632608695652,0.5668449732620321,0.4845360876288660,0.2826086967391305,0.6620690000000000,0.5168776582278480,0.3584907547169811,0.4479495583596215,0.1680887457337884,0.2601626829268293,0.7765568131868131,0.2475035664051355,
3,0.1394737105263161,0.2588933003952569,1.0000000534759360,0.9226804175257732,0.5326086967391305,0.7586207241379310,1.0000000210970466,0.6415096226415093,0.4605678548895900,0.4027303839590444,0.3658537398373984,0.8864469230769230,0.1333808845221113,
3,0.3657895000000001,0.7292490316205533,0.7326203743315508,0.8195876340206186,0.3478260880434783,0.4206896896551725,0.3776371518987342,0.5660379245283018,0.4100946687697161,0.0682593941979522,0.3577236585365854,0.6776557142857144,0.0620542083452211,
3,0.5315789736842107,1.0000000197628458,0.4117647593582887,0.5618556752577320,0.1739130445652174,0.5655172758620690,0.4873417932489451,0.3207549056603773,0.5047318927444795,0.1126279948805461,0.2032521138211382,0.6703297069597071,0.0727532097717546,
3,0.2210526578947367,0.7055336166007904,0.5508021925133690,0.5360824793814434,0.1304347836956522,0.6482758965517241,0.5675105696202531,0.1509435849056603,0.7886435646687697,0.1296928412969283,0.2195122764227643,0.8681319047619047,0.0727532097717546,
3,0.2736842368421055,0.2806324308300396,0.4331551336898395,0.5360824793814434,0.1630434793478261,0.5586207241379311,0.4873417932489451,0.4528303773584905,0.2965300000000000,0.1262798720136518,0.3089431707317074,0.7362637728937728,0.0713266762482168,
3,0.3684210789473685,0.1561265019762846,0.4973262566844919,0.5618556752577320,0.1739130445652174,0.6068965862068967,0.5928270253164556,0.4905662264150943,0.4290221135646689,0.2269624658703072,0.1707317886178862,0.5750916117216117,0.0527817404422254,
3,0.2000000263157894,0.2747035770750989,0.7593583422459892,0.9226804175257732,0.2391304358695652,0.3965517586206896,0.4008439029535865,0.8490567924528301,0.4258675394321767,0.1467576877133106,0.3983740650406504,0.4285714652014652,0.1340941512838802,
3,0.3526316052631578,0.1758893478260870,0.5026738502673795,0.7164948505154639,0.1956521750000000,0.4275862413793105,0.4451477004219410,0.5094341509433963,0.4700315772870663,0.0716723634812287,0.3333334146341464,0.5531135897435897,0.0456490728245364,
3,0.2657894999999999,0.7035573320158102,0.5454545989304812,0.5876288711340206,0.1086956532608696,0.3862069310344828,0.2974683755274262,0.5471699999999999,0.2965300000000000,0.1126279948805461,0.2520326016260163,0.4761905128205128,0.2154065621255350,
