uid,label
0086c5ea6adcc42fc9e1d7c871ac79f1,0
00cf149c94bc3f1d8245831628441c58,0
014b2d418fd75c67362e773c92d1d763,0
016793a48708f0f9d96786825f5db7ce,0
01a0da6d728dbf5dc473d078bb77844c,0
01aa32c01dbe4b8beb4f8c6cee5d8180,0
01d253ae70a763d420ac8d33bf13f5b7,0
0206cf6107f21340a570fad2be0589ac,0
027a734c2a5083496df4d75a5c100cb9,0
02c000f42bedab7d82037cc68f48d0cb,0
02e5a0cc7da54f5ab4f321f5a4e92513,0
02f3e0c44c589c0a2bcd41ffefd6424e,0
036a347af878f4bdf0249f42570bdc6f,0
036d5d076ec5276a7c428a44c3ef080f,0
044e034f23d08cefe68713b13e63d409,0
04835cad8330a8e52e3bb45e69b0b0fa,0
0537480b2756df07eee0a538b6a0defb,0
056424e27d5432bcb7d6a106682aaa06,0
062568f5cd40906a697bca20f1a65195,0
06439a14c903a65fa6b3726ec6753c2c,0
06a3f972b78f7bfcb7681bfd149677e9,0
06fcddd24224043bde72123f247476cf,0
07202d8bc92e711e50d57fc6d74be1d7,0
0726d2589d0b7ff1a2d7e96aa7c4a28e,0
081c3b68b31143e95f082176058081a4,0
08904bcb211a71883bf5e836b9b0fcc5,1
0891b8a7e385447a52e5ff24e4e93b0f,0
08fd2d08482defc1c2425a4257632d9e,0
0920d7897788a9de06a20e52a59b7066,0
0985e88b14701da2f129afdceb420f40,0
09dd7b9385d5e85af59b6a1244cb196e,0
09e6e9f1062ec97d9947a8bd049c8b9c,0
0a0e908642e40fab44ee79bca6deb838,0
0a6d104e99d8fa17e414f431678c1d22,0
0abf3af67516d58a8128f90b080c5c8f,0
0ac55dd5bfc202a98462e67e17840d48,0
0ad91652f2db52c00145c9346be29f28,0
0b470ffb8c1211011ee12e71ab954528,0
0b660658dd9d4070b7039c759b397fe8,0
0ba272335e9071c3bbeb92c67bd26f67,0
0c05a30012051569f6214806d38161c4,0
0c6378078e37d6c43e16b34c8d2a1088,0
0cca114c6bdcfc64dc1c263afb833e02,1
0d3b7e058827948bdcb74566ddd89827,0
0dbffdaad60f50b1d9b4ee26141c520a,0
0e0d6904156dd02e6ab9609dc6cb6900,0
0e53ea5f138e82623a26c24b66b976fb,0
0eb69218dc34b973a05f597e0de4db04,0
0ec896369a3eceebf2c455037c7706c1,0
0f0ff1ece3a973e7a0375e882840ff59,1
0f17067c134d99c2dcb838d78a4edd57,1
0f9526093b4be3336cdaf8b55489b90e,0
0ff9a687ac1a8e2781b8269016b1b8ae,0
101202803dd3ef043ae1c2cca7aea3df,0
104f94fbf6f78292d93197f4135a3387,0
1073ed550e52630b042381b3e29c5821,0
10b2996bf861974784ee834f024623a0,0
10c3157f9e1bed82d821ffdb9eef7c95,0
10c3a3e9cf23bd7b330e1735c12aa4bc,0
1129e7ff3581964cfaae793dafc0d675,0
116c86671d0bef50ade716d585c710af,0
1186c9ad2957ff72b83136e569eb8138,0
11a628ee2380be881654bcb03aaaa912,0
11f39916d973ad0b5a720fec0dc13a79,0
124bc2087fc86e8a5daa87a942247e78,1
12544e9567c06b7cd6881415cdac1b1b,0
1275cb7911dc2d0429eadfee76accaf4,0
129f52894545a3372aa99984b7027d41,0
12b06ccb8057cbb278339c0bd2d0ba00,0
12bae7d3ee8a1f34ba10f32fb0b0bd69,0
12bce2382b6fef14950311079b4f548f,0
12c839b0d21d80d81a6fe73368a7e38b,0
12f2f7b3e8a628d8ead7d2108f035ca4,0
13b831c7d71436c6404fc24d14f9aa45,0
1429db10f17cf14a77ba21fbb415ea72,0
148feed16ac5edfddad3953bb59a363b,0
14f667ac85e2b3cb94c2fac70017eef2,0
15368cb4c5e9275c880552f7465a9e6c,0
158109e07f70885da1bbcb168cb2ad25,1
15b72d5692708b63c5d0dee642c32de1,0
1620abaec10e854b439f502a6a0d6477,0
170ca567d716d0e7d6a7030fce89e36d,0
171176b88fc6c282d9eb5557744ad547,0
1762195ae3adb3e86b22ae0477329673,0
17703cc944f0e6692188499f7f7d78dd,0
1804472b1a5059b1f05f00e4792401a7,0
187b5e80b68717dc7b1ab55f1345a8aa,0
18d6da2cade083a2b09389a944408cf6,0
19340514c38e3c8a8418abfff5f402cb,0
19ba2747dd8d187ebc312cfa0f05a7bb,0
1a2e612a671b4bee5951d1ab46d1ac34,0
1a5353f3f1db17f514f02a7db17b0296,0
1b10ba904d94b0ca1f37f14bcdb4b9da,0
1b1f64999f3db011e7a06cdff9726b7f,1
1b35bc8c4517644935b7018a1cddceaf,0
1b398809df88e83a87b1c1cfbc6fc7c5,0
1b4c9feb10f466a7c4239fd5ae39004a,0
1b5282d70e4bc6e1959e8d171071a82b,0
1ba6760b96ea09834404bd0d81191f00,0
1be958f38f767d0f0990ef16843c7986,0
1c20afa5900d6c9f0dce5fbb1056b718,0
1c21fb5abe97484206f57af3f3fa2782,0
1c5155178990af6eb9e295ecf3240095,0
1d42b0ccb746140df490c83b37a8da9b,0
1d93f64364b170a3465c46eabf878f3b,0
1d99828aa1ff8fd3f9d678f314e731e2,0
1dab212501e26c44c0f276d40fdb559c,0
1ddbc4e5c6ddab809cf2b4b4a30eedb5,0
1ee71eca82f765fface0617e3bcdf73d,0
1f57216e384ca64fc805fc37c06488a1,0
20326ba2f1269172510d3744cb24c94e,0
2035445f9645abe2f6624e74d2f21510,0
20822d48c3435723336f0b5588cc4afb,0
208623db72341cbed0f85c3da69778f1,0
20a060ad42f1683a8d3f3f3658dad9ff,0
20a8d38169c4626a781ed0c7e0798dd9,0
20ea260c973a488b858ed184dcc1c644,0
212304a56dfd092f7484d267e8aa680f,0
21366683fd525b9e7b02047c60166396,0
21427e438563925e4887b8fcf42afb06,0
214efd3f80480d469be08917e11397df,0
21b831b379684ef4c1f15a3843fc4c8c,0
222a281ad25a36022587e1b10755d97a,0
223029f63f9fadb6394713a357f13aef,0
228af659fb88ae0591a48fdebafa3ae7,0
22d9dcd5c5309e452c9d5cd798a7c558,0
230bf3728cfaead2c6c48552ad421abe,0
23bb1a6cda5dcd8fda8d09c43f5d9028,0
242e7c379a926f311feee6cdc110b0eb,0
24525255cb6ed651579c442d1a4a3ee4,0
247ec54d574fe0206d88dc96437d6a94,0
2481bcffa572c45cb3a973e39ff330fb,0
24fa426605f0a2561232349220fef080,0
2501dcca9a1341878224a283a10175f6,0
255c4d3ac98f25014bfebb8d44afc676,0
2674d700e7e1a2f335364d1797b839a6,0
269ee64b864b51dcbbd85e3e11650f68,0
26c2aa5b9f6b7cc64881e0bc9dc5669f,0
26c5b68839b9eadb576f2630b98df4b4,0
26e3aff6a623670c797500a3c7f5c556,0
270bec9cdc8f30b063a8d6d6d09a9e33,0
273c9df70edfa77f2efce8874e7f1bd6,1
284e1265e6f32cc12aaa13f36b6cfceb,0
285c251039f1d0bac231a459f7b4e7be,0
289b0f979b196efa30eff3de86ded338,0
289c6edfc8fba0043a9a13f2e3c013c9,0
29ab40aa6e698518c9ffdc7eee992b8d,0
2a49df82f5ba21d647461d319d63b4e2,0
2a57cb63390e14a4a8996975989d557a,0
2ad21c472977562072d6cc6b5f9970de,0
2b16b259c232e095bf4becae0e7d89ce,0
2b82df95f8b1010942c038c3fc0b85ac,1
2b86028cc6c2745f9c98ede05962fa67,0
2bbadf122251412cd60a738f7f4c77de,0
2bc529ffade88651c851fa4475ebd352,0
2c4fdefc43e1c933a2a2c0695602da3f,0
2c5f5b53fefdedbbf9f0ed9812bb854d,0
2d230162db77183fa27a07d45ed5e5b5,0
2d8d20bee4340627abb6fe3c08aedd94,0
2d97dd71272f0a6da3bd9923f9900dff,0
2e10f4c83dcddb6b2b85641f6b25e6b8,0
2e3e5a05e23aabe09f88282fe2bd0e77,0
2f0df21956bf21b278662516c5a64343,1
2f34074d3e40551ee0537a8cbc4e4347,0
2f6c1077a2a08aa8a0a67154a523acbf,0
2f7df414d6fa0a28064d67dfa83ed444,0
2fefcdf08918ecbe6726fdb7a2104e97,0
3008cf58813a2ef7cf1100e75a9d3009,1
300dfd8b043bcfd5689e1cd70799a67d,0
30555cca2fcecfa80327100c6e6a9089,0
3074807a3d2b9d51bc0123903498f6f8,0
309b407de9d67ed09eaf2f3ca948a491,0
30a94a98fa8e9c22b74c6bb3b5af8675,0
3100bdc806adff405c12d9eab0ed02ce,0
31028f930c57c486832bcbe33f5c8344,0
3177fea7a587d90d6dd9e822009c3a1a,0
319b3ac520e3646cdb41e19415e2f433,1
31c1f5011a16187c24ab154c9f69004c,0
31d99af0540343b68106c70df079d69d,0
320b5818ab077b70244f172c4fda6e34,0
3228668ca347346cf7b92330315c12fc,0
323214520fc814fe5098109bf65e64f3,0
325b0e64121d678ac62050966d74de3a,1
32621730a834b26540c309c2d2f49768,0
32892d7316f06bb0be05d1bb92d708fe,0
32d45112d7adb44087ec5f27fc6f3205,0
333ac00be949ffcb243ca1dd6f0bc940,0
334d97ead95651d5fcc347783ae35adc,1
338c05fd01f587f7b32c58c1c48a086a,0
339280e719aa948cf78d9190119cf9cf,0
33a06f317820f949488e0f6872a88a95,0
3442846cd4b7d0f7a0b128e123e46ce4,0
34b9979fa81851bb7f779ba5bd45fc6c,0
34e518c1efa86d49421251c23e74a1dd,0
35cc9f9810e3bfedc0bf59d1e5dd7a99,0
35d7fe7a9a99526154855c89125d3be7,0
35dd9b0c0553412518e35250921f9bd4,1
35fa5ae240fbc1ec69621de62862f433,0
362343026f0f50571757c30312802e62,0
37a89f090232116d239c0a308ec41185,0
3849cd51882b1d9677d38e3c180ab13d,0
393bc4767dbfe5e31372819583b576e7,1
3951fd9fa7a8e655f041c3ef41615c2a,0
3a2540fcfeb9aae5a24095908453ff15,0
3a627032aa072f820e87ea9aba87d3fc,0
3af0ac8f6bd2af13e91e288014c1b155,0
3b26efe3b7986e041e9b75aadf9b1bd3,0
3b40c5cbf443110246b72df3e8fdb228,0
3b7c542e3141d1339754b8d9b1a6f3e3,0
3ba649b6e8f0aae89b411ec015b12011,1
3bd779464657af4f8da3d55a22467ee1,0
3c34d97555fbcc4ebc0a71a8e7f8ccdc,0
3c6dfba341692aebb768e39ed3f69524,0
3cf007d2f12868fad38395efc01be945,0
3d117e09c2f854c845bfe236a8881c91,0
3d56a9ef237a8a23f2ff0ddc0ce04e8e,0
3d8a27bb93fbd7778e4e901755c02387,0
3dfd31fb3f0c9262477ffb907da09d98,0
3e8f3ed7aca6aede2ec31c30331a9b73,0
3e9045fcc4ed1a5bcd588642b9e02381,0
4150f36420cb33721932e2480a4d782c,0
41bb8f3bacfa6942d87e910f2571d975,0
41c7d8f54439984b3c6875ca18b06a0f,0
4233c47b0ad0aa46f93266b1995d7f9c,0
4281cc8d23565d574fe543512acb15a8,0
4299c5496ab6dd050c18b69b2decb3ea,0
429c9732e304e267d32b1472a891c44b,0
42bbb9988c39a0201300c5f60fe3a22b,0
42e17790125db2118d12aaea31914bc2,0
43c8e5156c67d15fb9351071709a1b19,0
43df9b5750ab7b669dd2522f72f46334,1
43f3b86d37a929ea528989183772011b,0
4435e0572811b649450260fdf6a8b641,0
4442b9340be3374692ac94c630fd0df6,0
44606b4b339e2bfd5c87cd73ffef4afc,0
450827a0b49008953c94d957693a1662,0
4547e97cb3f51f3e2331557956db575a,0
45673a1dfc21dc923941d7add8c8da97,0
45fc341e56c73245dee57ba5d35056aa,0
460347cc8482ca71882333c140813304,0
4652c455ec83edb9d7e05ebee694d95f,0
470350fcfd679c6cc2cc437ab9da250f,0
47fc89d94bedc71552ebb7bbc5a67328,0
48246803330051c3117e9509220f68a2,0
4825809792b6905d6594cf9c89039b44,1
485ad323c9e0bb77c6361e6adce05345,0
48cee5ecf8a463de950acd1679aa1aee,0
48d07bce11c0232aac32c7a8e2153257,0
49047017bb7d0c07db39178593b100ce,1
4983aacca72670d05a152c79d6c00ea6,0
4a84f317ac3559a8c97cbc143023a6e3,0
4ab02501461e72e45ad1da774820f741,0
4b07ca4ffaa2550d4703ed8bbad7f114,0
4b54a49759cfb6562dc09bba07a9b9d7,0
4bdbbeca32c23ffa7c7dd1b57f241683,0
4bf7bef6e6ad93d32c6f1504d314c0bf,0
4ca0eb004da50af95ec67173126a50e4,0
4cac04aef45bc2305b9f0e2c61401e4b,0
4d4319bb6bc8045d5c33e34bb4cfda38,0
4dd9d764d4c7bb642006434d4ced6c54,0
4e20068379e10317397538561325e9d6,0
4eba9f936e414ec7d02b715e9ba0f021,0
4ee8e9d6e36b3561efb42cc5e3b1d39e,0
4eed103c434ed8263f26e88e65a103e3,0
4f2b0f25f87abf0ae9be8adc7176e96b,0
4f46cd7229a5651df43d1b1d528a8e2e,0
4f4e5cbd92dc7d6e8da8fb50a82d664c,1
4fb2d1420ff92e354fd42e3925be25bb,0
502f1baa63e0f7787c290ae0f7135963,0
50eb661379d1cb250e1d343036c80a85,0
5129dd009d661fd2b5d8e298f9ce16e0,0
518868c2136e6841ce99da4944ef6a21,0
51915a3dec6254891e51877543bd1c80,0
51a53bf99189227a9cfaba326079d5a3,0
51ed9211ba35ca0e5df04418ea3f79a2,0
5244b2ab5055306cf3b9fa7877903610,0
52536aeb38463e535523a8eef406c17e,0
526dbf5e75d5c39de86f196eaa66e496,0
5295a98f39572ca8111746f85829d993,0
52be0fd2f08dc33fb012ffd4abca4f7b,0
536bb73257e26502500f696db75dfe6e,0
540e2211d76f5ed9bed256f9acc8d2be,0
5429abc684167728210bf36f73a62414,0
543ee5dc5dc9940e0fa261a6ec954c3f,0
5441ff47620c07561106dfa81aa3de46,0
54dbab11ea67e594860a65845ce51390,0
5516ab507722416d9b525d666c5fcb36,0
55341887f956c103e4c2d29356070d8f,0
5556722bdbb4027b70bd5aefbf7c7da1,0
563923c630999fd087e71e9e0a8073da,0
564b26f2aae37aaf34c347331dfd5580,1
566a6f2cc34f62267018f86e25695aea,0
56b4ecb3613db199648963245e4b2a25,0
56c48893ede810e899e21c911d36ce17,0
56f4547d3ebe3d0d7f51f08803670335,0
57286dc5fc9c82f3d69d6464f159b6db,0
5739f44bfc6eb433247e54d99a95abd5,0
575d270c838fc6eb0bc8343c50c5d40c,0
580f70e366587019b7375f6c55beb445,0
58929bee00b8ebe578fd79e60106339f,0
58996bc8552d97e8d0e2a724aa3b774e,0
59453c609f789649d26fff1ea630916d,0
59cc3b909b9649f68d93391a05c4c1bf,0
5a23d6d73a700380d00631585e3ad426,0
5a60e00dd0ceb788000e3cfefed868ab,0
5a7469f768a3ea2ec0420965676e16ff,0
5a8b57cc85837f5d027313ec36d826f2,0
5aa14ac2e2896c30e047309173eff5a9,0
5ab142caccabdcb497de240ff05af78d,0
5b2bf824c7c92984320f4acc3835ed92,0
5b89fe1ea41b10bf6c5b30b7bd2f4cf3,0
5bf2c1d14a71cebc968b21d750f1ee5d,0
5bf3bc64a6d18f42eda94c7c4dbd3be4,0
5c0ebd3600e954775943a01ac414334f,0
5c257afe54be191af0e8baac055979b9,0
5c3c307ee5ca03250f27699b9e5d4d1e,0
5ceacd86e31796824d5d8413041ce25e,1
5cecde01a518e96285dbf44926285195,0
5d01256fe881c1ddda1d83624111da1c,0
5d6ec36a261a7a354833873a8b72aa67,0
5d86a0dbb7b22a566b5d5b91ec6b3852,0
5de97c7011f4d92ea62028a93ac2c580,0
5e18667f89167d187731ffc5f1e284e1,0
5e73e7b84eca0a7f7027fbc8d1fda36c,0
5eb407584cc6139e1d50de91b400a811,0
5efbbf0055405118a0d5a1022acab846,0
5f08ac83771183b01a2006c1c8ee1720,0
5f5bb0bf0bd97347db1fb1709ebcdc7f,0
5fde99bd91f44cbf927aa41858570a90,0
6005040f2785753f543ff9420cac99c6,0
603b38e9b67a3d824f67db399939373f,0
604d50c3f027b03de20f09f8d2fbd3da,0
609208b9361fee4f7075703f35a55dfe,0
60944d081b1888739f715236911009ec,1
60a9e4449f10a56633d40dcf47fa33c8,0
60d1e8114123d28548221b7adb0b03b3,0
60d42508402dd851b91fc01cb6a9d614,0
60d8e48154822e8c509740b5e3a05462,0
61159fab69f2996b20c51991f646dc7d,0
61db076cdefe3f9abe13c36318a6fde5,0
61e0ba02f95744fb143aaa4f8039c20a,0
621cde16d0c1a52de47d910bbdf4b50e,0
6241d5230048c6c86538c031ebeebc16,0
6259fc13612ee84bfcf6908d27ff3f88,0
627cfaa543cec502db8aec8b20251ebe,0
62b3dc2de0de62077c3fffc1be436eff,0
62f5fea5000a9305a48aa67d378a4aa7,0
63b85f14d06ba09330fe56366cdbbcb2,0
64942e925fad6648e2e78b717f4da5fd,0
649a44ff46722ce63673c791904fa154,0
649e359763c3c39b01ab11355e46101a,0
64db9d1572fdee7e8ec131f87bc2f205,0
652e9fe31e55a1d106986ebb5ebb2fda,0
65d4091103ff7fefe884897985801ae3,0
6601107ca473f4d88376deefc98726c3,0
67401df20c87c8a20ea42229d8f4447c,0
677f757a00eb3a5997be934ee5fe5225,0
67aaf04b9482b24c32a9e041b450a38d,0
67b65c0b9b2bcf9066caacb75be4bda3,0
67bacd3a8fe234136a2bf2e3bd30aae5,0
68dc779568ea65d19a39347192855457,0
68ed44744163c8c3177fe2f2144612bc,0
69003aa2729490f6b5f14c504317995c,0
69188282584042771737d36798cd1e2a,0
695132a0f5ced1c30c7ada6fd3a36b92,0
6971de690d96e0107ab54c77a8048a8f,0
69a0089659adc5713591a6a8106fb672,0
6a253431f2aae7abee4eceee0e865c93,0
6a9f08e37e2957412de5861b024d3998,1
6ae20c527388219b606e3b4a3afe45c2,0
6b0ec191210715fe9d521eb98cf5b496,0
6b34f4bac831c55ad61dfd8299dbcf97,0
6b71490886a751e493f2de9a9978ff65,0
6bb49c9e8fd0da7472b610005d51adb9,0
6c1f6de9631a69639c5bf8c543743ea7,0
6c89d76ace8b61e433d1e7889ecc36ed,0
6cac1c505c92b8c03b5f96dc13d73e69,0
6cde6a49084274633193da2673278692,0
6d08400bdaa182f5086e4d2629a74def,0
6d0dd0408583044438220a9efbec4891,0
6d5cb427239770cc156b2a198e49945a,0
6ded143ac4b31e5232dd477b72bca359,0
6e032abc8797d87e91f1be7bab953ccb,0
6e6cead0f3a7274f6e251e603706def9,0
6e83784dbdd0608a1f2ca11cc2896b73,0
6e9328f5719fa467a95a430615c92921,0
6ec1adc8175cef9e7d19d81c11164317,0
6f616cb68b997899243cdf88234c9419,0
6f659a821629fc656eef26f4991f982f,0
6f87e7698d5ddd93dfcbce63cd9f2884,0
6fa9834193307040605e6aa9cf46b320,1
70174a0da23396b8e5a037b66320075a,0
70ef476d7690e0346553e3480c56c5b9,0
70ef6e58b6cdedc7fb56944caedfd0a7,0
71447fbe1d11f80bddd706708901ff23,0
719b8449fb0959ef6814596e3c1bedef,1
71b3431602adf66bb0c68ef332e2c13c,0
71c33e44d037a9357e941305a3e3cbb8,0
71e6ac6a2912e957503cee62d5f92b7f,0
7227789bc68f783d84daa38618f192d5,0
72357e3903b922a1efd4e647a26a8a43,0
72875db9803de73f867f66ea3f5a37e2,0
728f85887fad8421671ec086910d4e97,0
72aa99b3263409a6fbd0ab6ae62a8627,0
72cb98b7c31c85abd3ef3c9fa5308ff9,0
72eb6e07842220f89bca88643316a588,0
7356f147507c213b7f9714bc09c5a44a,1
7383bb909cf5993b0a673dac535a935f,0
738c0f465079b3566310c0b3b7280140,0
738d59db54cbb6899fc30a348c652a40,0
73e73662be09b6bed54a3bebb5d50c21,0
73f5236f16ee8bd0757a9bee04e2de63,0
7419426757c1d3f3b9750a632ed3acdc,0
746ddc97697ea615b43ad35a15132cbe,0
74e8382cc7821fe48c4e78acca3c267c,0
74f9959e27d1b17d11f462e29ac21d9b,0
75381a4690f5024dc6bbc58aed929477,0
75652faf84af1c0011603a5516048235,0
75d57aad13d3a1a9ee73c91d0093b565,0
76008f5d4cd7c34003beaa605ec0a198,0
76b6876f34caceea88288b02215cc5d1,0
76ba2e1b09a95059d5eedb3008948453,0
76c948cc97acd55d9153af297f23076b,0
770245edb87c3a350a2a6bb4ac76cbeb,0
7737bcbcf217d2855e5e8da80ae00b76,0
776aab50633fc628f220a7a0560bfdf5,0
777ca378231dfe9039cad8ad870e1a88,0
785f0fd6fab27a3169fe2e3849af2211,0
789340d6c74b8d459db3c54d2dc1f3fd,0
78f60dfc358a5207fa8117c022e674b0,0
790678ed652ee579fb05cfd9722d88dd,0
79164d27e8e0cc903b5277d7a5bc6078,0
7a4ebf8bb247fdcca8260e873c748b9a,0
7a50d9235308cb7f4aabca4d73733082,0
7ac858008198350c642c73341f7c7462,0
7b00ac48d47f8620d4b5d8fd44702868,0
7b3b90bb18940a6025d85e856f75d2ab,0
7b6dd3babb3f87055c83faafa1c2ce1b,0
7bea27eb1bd57b8372dc5c587a5252b0,0
7c8a25fd363dab7b69f8fe94586464b7,0
7cab691c26b03d6af7a4de6d8bc4c42c,0
7d2b5b6fe00c197d9755360ddf7668b1,0
7d5182a42e00bcef6cf87378a6ad6ff7,0
7dcb4f03dfed13de518e7baac223520a,0
7dd1123b8f45a44076563f175bba21cc,0
7df6aed1fb3bcb2e48020f448dc954c8,0
7efa4ece3f473261ac8d51765cf3b245,0
7f2cb0214b4ea1bec529f0ce54a68de7,1
7fca93006d1113ebc55b4ddfc81dde0a,0
803daa82b5d33b32973abaa36b73e502,0
813bd81e2ba720d5825663b53bed5632,0
814e8414b04f1f85974fefcff0f23902,0
81b909ec8f8e9a531df259767e43bfc1,0
81e646b4d84a1ad4bc888831fa011c8c,0
81f3d56ebc4bbc0f2b80afcbc497691b,0
8200950b5b7b790e770d5d96d15df698,0
82398992d44c7259799b3d0cfb181bce,0
82528c133ba59c8dee89fcc6e9487fb7,0
8273cd8482cc6527d64b3fa88fa10cea,0
8335129be0e20799d2a50114ec0c2f64,0
83a3da581b1dee72f99bf8beb88b80ab,0
83d4dc9fb2d2b519cbe9fac3ad0144ad,0
84507fa327e3ec0afb5fd5d9c61d9efc,1
846578fdfdce5a8c9113c96ca218bc8d,0
8484a061b22296d90e4bb9076dd04c65,0
84b8208cdc5bec6654d820c231a0bfb6,0
84d35b59f5502f8d31761d90019c4a44,0
85180513bbc936af9e85fa90c5d3584d,1
852838b3a00485196cb1ceb82a320192,0
857efb41bd6ee6435db6a67c799ddd8d,0
858bd542df28fe93d6a6915613c5b47f,0
858e43e71ac777ed85fa8f1d956eea41,0
86036615f4722bed8cd8d783779f2d11,0
8623479798bf873d3cd5df534bc3d586,0
86904b22e4c1c516514f0375abf09fb0,0
86fa4168a059ba7c78ed882612187ee7,0
8719a468f4a6ec1d81f5f3a7c2fc8c04,0
871ddd352cef8848bc7ea965e407a04e,0
8783565483e1111cc278ab8ae2b32c42,0
879834e03919ab1dc82e0988a94abffc,0
8808f66a19060a56b2cedd87f3e9db2e,0
881b13224c895e2197db8bb26d3ce995,0
8876cb8b3ced6636c73f5169d47b51f7,0
890c0321c9f1373f9bd58f85ff084231,0
898f2f89953194b143f70f1e1f9edc39,0
8999371c45f4bef30d07368fcf6fa548,0
89b34aa6792dfe25a44b849cdb139af8,0
8a0295bd8aa14703b02d28ddcab05f20,0
8a38b0314ac75f0715e9c249528cfb5c,0
8a5d8de6502413269e7e21fc8a2d01a2,0
8a73ac16477aff7f07bc95ef09a5f7c4,0
8afd401f902d4fbcab7563c898e0b1e8,0
8b27e5c6970cc3fb5e019fe1128e2f59,0
8b525926ccd5c2f22942076b80d292f2,0
8bdcfc237676e18eefdb23d1987d3181,0
8bf682ac023a44a766ef937fbc829ff2,0
8bf7155179f9fcdce8d29d1cfce48881,0
8c14b101c253ba7d58151f87b2038bc7,0
8c24fbb13454ea98d746462c8ff6fb24,0
8cb5d0bbe4a944962145c93725e71186,0
8cbc8e99c24e461b3bce7c5f23a70098,0
8cea76f472f56d557df98cc677a6c8e8,0
8d0ddd760b98655c676bad4c79e56d94,0
8daac51b7fdaad799593a6616eaf430e,0
8eb0cea24687d6541d112d64d5432f2a,0
8ef00f998b0c1b6e644a442c8bf5fff8,0
8f2205bdc0b4206aec9e721d7375a67a,0
8fa8e483ce3709b2297fbbad8d65be49,0
8ff7569439c81820e6d26f10405a8c62,0
901a16d852c6e59802275f0a0b7d3583,1
9040ba490f2591dfa85b51763b0aa0b4,0
90f81413ac67c0d6b6124face2fbb7d0,0
912fd5dd7445a1106c998152f61296d6,0
9132219f34a4c4a199abd4f577091000,0
91f95289f39cffd2ea2c913723147c0d,0
922c619f115cea584c7082bf8dbaf9a8,0
92d382ea694cdcb36a764845091dae13,0
92ed0f9acfef32a9633e4af84ae5f515,0
937a65f3a0e3b3e67cbc1353b21fe9d0,0
93a2efbb2c8bca6e74f4c2c1ac940695,0
9485e2f9590274347b4a5c8dccfa4705,0
94b6691899e4d15093f6cb1a08e0d6ee,0
953b8d7c98a9c65677bb8d10f87fe55c,0
958b9d62cbf7f81e04d55942ae5d340a,0
95d59529e9c086ac56ee6e01727b5063,0
95e0989ef7f97dbdcdff188c20f56955,0
96222fdcaaf2c1a16896f936f206f294,0
964a039c1a5a7625a41f4ac3e47755d1,0
9674776322f3365affd106950cbbbd1f,0
96906ddfd33d8e46999d88b0f2fac2f8,0
969b5b7509447179b812447ee0e53f32,0
96c5635f9bb6815e613bf6fa3cdc9f2d,0
96c8c72fd27d04dc2d70ee2ee4878efb,0
96e5c9c5060c56aacb0d265ca92998e8,1
96fb02083b836df2721beb0edfc09ddd,0
9749d145594b905a3a7ee243ad1dcee3,0
979b32e53700f8fb7374b312ad94b3cc,0
9897a2ff936bf667b140030fa34707f4,0
98e7fc4cdc62fc848b3f92cf45def286,0
99533c7dbe84956384c74e9b302cfbee,0
9953b1111626b031d778369c22567525,0
9a0cef285900829bbdd9314cdefd397f,0
9a0f818162e6704e3095faa8f22f6d07,0
9aa3f3a6c8ad2541b9a2a95e1fe80e3c,0
9ae561acf17f201747c78bdfc21c9c2c,0
9b09a242eac867857147106b64711ebf,0
9b28b2beea0eb6669d2866f037008b87,0
9baa91ce2346fb32542f73db037522c7,0
9bb91a6fa07f57c166815667872d15a2,0
9c141827e3c1a04b88d36f4b11874ac2,0
9c3b5b69e2769b9988de46c24456f9da,0
9c492f53c88b3ffef02bb0cb24e2aa79,0
9c7aadf699864e23c30dc51b6c6e8a9e,0
9ce2de3200a4b0ba8153a95bb60078bb,0
9d868ff59856cd0b016f1caaee3c6dca,0
9da5e80d160c8cdbc35bffcbeab699d7,0
9daafeac75de02fd07342e34d41bd492,0
9e010f0a2bf2cba6ab537886e123ca88,0
9e1af2c33b8f0fcf35a51db29afeb947,0
9e293fec60b6cc0fdea905107e8e9579,1
9e8dab98be3f3bfc29d5b3de7b4b24c6,1
9f1c7aa1cc938e4d319d0c2788c5fb89,0
9f5ebedddc65c304f9edf107d9526e81,0
9f9035bbfaba2f95bbee818eb530d04c,0
a04dfa3a76b0ee2d29d6eac0181aac1e,0
a0523d60a09deda906be09b17cdb2aa6,0
a07d4bc39ea1437b49091546fb179eed,0
a09185b2b3e92578274baf22108a95f6,0
a099e001be4d00114493fc7c9bbeb6fa,0
a0b1464376d3ee67872e58eb40be917d,0
a0c69aa8121a4a9ddfc4a596ef503a25,0
a11ba1cc2aa54777d5020b2c665cd902,0
a11c9429e9ae8ada379a78930c314549,0
a1468334e9eef2c8c9f90b5bb8e01a12,0
a1a4f9fe46d922da6f7eed6cf6e749f4,0
a1e2b15dfd3fec43e43cf665b719d53a,0
a1f61292ab9b727f97cc43544be44a74,0
a2310b6a2bbcd97d11b00b878d61499b,0
a2512ad5632479c5cd0b12f13db23de0,0
a36811d182332bd84f29be93cbb05f72,0
a36b7f23e20565a3c9cb85ec5173b786,0
a450820b36ee25b95776922c855496a4,0
a503a3b3a429a73cdc4f489b30abff0a,0
a570997e2722fde2875c9690426c69dd,0
a617bb5c86b1d95c18c7397b4e2f2a3f,0
a636a2f429463e48bf02327fc66e7975,0
a6a30d1f83edd35845ec87195426a1fe,0
a6abf66f1f679543454a7bef6f54685c,0
a6dd5265321bdfe8e1737129d0c8ec87,0
a70d6343a6dc178e82593898e9ff3673,0
a74430cc9fbc2f2b6197d58d166cfb96,0
a74447758fb3282dd082314217dc57ee,1
a7536136c83f6f5e4556fdebb37bcc47,0
a7d248c71b238f0c1142afc4082cb5fe,1
a87ed4c95f5f98deffd7fd10c2cbe417,0
a8ae8109a45938440dcd4f2d6ecac086,0
a9359db9da9aef4a0fba395cd509d796,0
a9458ccee7b4a6e7590cdc2e6c2605e5,0
a95cc0db02f266bc32e67ff3bbd269b8,0
a97bdbfbd570f65d031ca5433bcf7f75,0
a98dc0d54272002441aa511853a5e0ce,0
a9d3f4e347deb9ee4a685be3bd08898d,0
aa8e5b96880bafcbbe657675aafc57a8,0
aacf0a234a47ad23093a2327ea44cba7,0
aae6337bed981ca0d568cf3b9eadadac,0
ab23c2a6f5f13e2a2171532f183e720e,0
ab99279cbc3c1acc3c9df3d42afa9800,0
ac2c5304865b50ce0c5b9357c9af348b,0
ac5aad03d9a49a450edd76d71a07ac1b,0
acb4ab0b96235b5f7e0e7c8cae9a8708,0
ad28fa28f096453740ee1784bcaa36f9,0
ad453faabb362bc4af3294d378993a75,0
ad96d62fc8636d386263a6d1ad0b2174,0
adac699c92e314d045563a179890aa3b,0
adebeb299731ddcfb9c420ff5472bafb,0
ae4932ed8d9840cf6b699a6282b7609f,0
aec7d15a0f3aa0a825cceac028671c3e,0
aed20380e62df49b0362afd7452f3fb6,0
aee5ae48a2fe2cd0823593c72a3ad708,0
aef475edc533a21b53b35424f028b932,0
af2e5a3bf4c0f5f895f57dafa0abea0e,0
af4fc42b3f8614779013c542fc3ee24e,0
af8cb28aeab843c5019c0ababf9d50ff,0
b00a948e9cea35c40d9141112e31dbf6,0
b01ee1920bf61fcd09140e1f62872ccf,0
b0e323bf82fbba5e8c2b4ee631699c63,0
b1035621107e90508ad495c15dad2685,0
b17878f7b7b0a78ba955e85115da7f71,0
b1a5a392beb345463998bcf5f0a35b51,0
b1c71a01226b9c209c3adf3dede0191a,0
b1f35a5236aef70240ee029530d312fe,0
b2331d87290f0b46e0198db371b1fc5a,0
b2ca24721220b5ce77bb7f7ee0e57666,0
b2cc4229f5dd880866e786b37b56a8b7,0
b39309a9750e034971b4fcc98fb8b437,0
b396e1388343d0fa2db9576ff2323f98,0
b3bcf843a910ab77516e12f98e67ca3a,1
b3f52beefbc73ad0de36093ff440e0d9,0
b409c3702be6dffed594978fe547d430,0
b416df91de4dc18f056e07cab6637459,0
b41c7809a3cc3f53c5aab65b402ddfb4,0
b42444f874c46aa378ba69e545b37451,0
b43eaac03ee5adec417878735484cf4e,0
b440ce1faff30b83b2b4abb30f0766be,0
b4b81097d30be0451b329e68675b5d08,0
b574f1f32adc697e570fe1d2cc71978a,0
b5bc6faf80fce1d4a487006de9ac5e5c,0
b5d9dc80694bd0be816bf3324b80f8b2,0
b601fa4adf9029abaf55238fb7ef328d,0
b637b3099aa7a47a53a321597d943c05,0
b6f5fbbab3633018d72297e9632789ed,0
b702f8ba3f5403898ed355e16cc488d9,0
b7038a0a2abaa52ec26be03720293152,0
b763623847210e1d33f3c38b960580cf,0
b7d20834296c327745336b424d6e05ca,0
b805549770393641c1cba30ec84b39f3,0
b819db7d052cf601e353d07cac8185cd,0
b84cac03580f15c33678a348c1a37b73,0
b880d336147235c2488fdae3ddbc220d,0
b8fced181e0c7c965e418d36a9a34d5b,0
ba82a17d5d47a1668450457f76edd4ae,0
bab635e3ce0648099384a31d1c459090,0
bb02fc5c56e8e0fa3df019941c814984,0
bb03a2dcb2c698ed4c83e69e2d6245fc,0
bb06efcc5279dc21f3a027ed7009ed1b,0
bb2264b184c7aa1a291fe63caecb8000,0
bb4191a96f3c83efb45e89a2abf4fa89,0
bc0a29e9ef10e9366fa968a67c9bc8c0,0
bc8673a520d277a09e023478fe545c85,0
bc8a9a065f505ec4d236d76e262c770b,0
bce00fa09b5f52c17a6958be1a3d8f69,0
bcf0780bccc1719ed61b9380352205db,0
bcf42fb2c8d6753b9b46d9800c9c33fb,0
bcf98a4f92b24930c901a34e215f90dd,0
bd00ffc4445686a30094a7d2732156ba,0
bd0189124ac7d1bbe921b962038c6f9d,0
bd42eb2b5c651974512a8bc2455b78da,0
bda1b67e1443e8a912f1282fc901b1e0,0
bdbe2e8c8db8a86c5db0ddb83af839c5,0
be59033efe920ebfa686216554488887,0
bea33a4d30c5671481eb70124115fd9d,0
bf4400167db3fae873ea3a3d463f2489,0
bf50a22b154f318e377a80b1ff20b6c0,0
bf8924c30ae8cddb391ddc28951494ac,0
bfb86f749516f3e948a029b3d4086951,0
bfb8f645c91a5aecfaeec28610f82c60,0
bfd8242b4857e8ded8959515249fec7d,0
bfea6e760f40da42987498c3e5efea7e,0
c006f9219bccf66b023b1251ea1048ea,0
c130f8cbf46f8701d1512d64bd366b52,0
c14364796047a8019a5ba7cab04b5e3b,0
c18ba26799c9b9fd197cce6e161c6ef4,0
c1a99d8795a5f971c2b10fcfac565a4c,0
c1bda6917c91cd38c5274a0fb8a6f634,0
c1de28be83feb486f923b68114699fc3,0
c1faa048beb0182f6194a944c7caf6c1,0
c22fa98422951cf9358ddc8aaa0747b5,0
c2d7e10e9fbb34f16633a2d3ea7c8478,0
c35a047c8299c0467dd1d0eeb3ffa5b3,0
c383f045dfed54dbb69ba39abcdd2ef2,0
c3ebde86f460a4afadbe69d991a96765,1
c4258679b8fd96ad0063a4563e25dc93,0
c5258b5ba314dc873c6f74c91d6528da,0
c54fa994cac27cc1dbd0dad280c348b5,0
c5873a224037b8cf80555cf0f2b4358b,1
c62c8f86dcc47af1961f9577224462d4,0
c6a5fb6ccb8b93b726daac0ca8cf4296,0
c70c028c66f9273897f81c1fcfa6b017,0
c7dfbfd38d7f44ae06d04fca7f91ee6e,0
c8196fee4ef1e2f17e763ce176d9c2ef,0
c886c9c58aa8906d6bd5edde105db621,1
c8c02d51c7e834c0f88799cd8350c5ca,0
c8c812fca1dea4a25516762997b68a09,0
c8f3fe70aae711adf2bbcd7204edd088,0
c8f8ddbab9b923b48d907be22a76a866,1
c993e2db52c7d9bd1c084daf372fae38,0
c9b892ef22f25d8b436b03ed07fd853d,0
ca30651cb0e6fd1e1764a68ed11e0ae2,0
cad6ac1a437c2f26aa006bd58e07a3d5,0
cafa12b12977844d1960434f5c4e0cde,0
cafccbf25be257439c267a5bc6314534,0
cb1b5e872c932c971c0f6d2c76221e0d,0
cb22fc58b4e41287cc8a7f160a1f80db,0
cb4e03a18b2fa8d4fb663d85699edca0,0
cbc31ae71464ea713d98851fa3310be0,0
ccf8599ee888eb64c13318152464f6d8,1
cd20867a31551e1c4008386e16870ca5,0
cd2356a2caf584b806c0591ce8e34e22,0
ce6808a402279dcbb27e903690c0eb66,0
ceb170c001addfa8a9043a1dd12e93cc,1
cf592efed75a146e688c80335c9255da,0
cfc91b25441db58dec97e5338417f028,0
cfef9d18f34ccd6a411cd62d3b49b4e3,0
d00c0830f4339b846b561806f80a9ea6,0
d03718a43d2c8792f22e72e9ae55f564,0
d07d150a2e4d36573d27bc9afa1c2661,0
d0831d4ae0be97c9cd1f3782fa68116f,0
d0a0a0ba4bc655198d5cc7aeb709c091,0
d0c320fddf1d5bf951854bc084f1f264,0
d105b7767184ada31277fdd029b8073c,0
d11d69f5cc777d1d0ccb92c3e34eb7c2,0
d1242ae032c7413a278135ed26e3dfe1,0
d12cdeca0dbf8e8360017ef15a27fb01,0
d14f5e83f9c817af3dbd7cb23a565d26,0
d1ee0fe8a12bc506a963042513eec5f5,0
d27cfec020c62b48394a05a67349540c,0
d29bb0cd63f520f14d16958e57ef1e39,0
d29c435b52d7d1ef56dc93bda8900f7a,0
d2a5c2e2945fdd99b047219651208594,0
d2b93bac1d506ba67095d19f647e1c43,0
d2f713e7e109ead1133df3421a4f37de,0
d356b1eeeb1e8a29296ce31108cd76c2,1
d35edf7d988b0077a61dbfe61f76a08b,0
d401fb2d02ca4c5853631787caa4525f,0
d4181b370b2ad925c511e0c0da0d7ff7,0
d42450f4f54b2fac39751bcbb5a305b8,0
d42de75bef6ebb45ff0ab5fa0a5557d4,0
d436737273dd9131c3cd47b476361ae0,1
d48c64b9ea11d59e59cda33c4fdc1cf7,0
d491cf9ff25f1586bd1d999c7f880f18,0
d49e315a231f3b3f8fdda8d4ccd0555d,0
d49ef41ba3812ce108ba5e509ee7e046,0
d553acc3a4073be8f5711b8800d7b7fb,0
d5bb237590985036e13cb088bceb4f1c,0
d604b2f3b2eaa97dd86493ca37dbe8ad,0
d61cacb693a0f8b1b87bf5df93ae7406,0
d697ca438997134e130ec88e380d7023,0
d729445a123d1bde8b5355d971f9365b,0
d73cfa94810e8abcd690a67eb7a497c6,0
d773926a6a0df7e87a43dbb64c8584c1,1
d7d8cb0b9e247784c9a6bc0a05fdd687,0
d824f34181ad88326704f9d2db0aa67c,0
d8631fb62790e7f8fc859f7cd8f9514e,0
d8fc67e1197652f002d8bb8baf8fae25,0
d984705c3b168a821e70a45900d25443,0
d9b2b17b5b8ed00ca882bfc40f23daf6,0
d9c039b3949a3866e8d5801d4ca3576e,0
d9f7183674b21f3efd27a0ea75f8abad,0
da394beafe1d791e8cececab02b0bb73,0
da974f8e85cc57bb53789ec80ff680f2,0
db02dbed36f01f12e7771bc21548db8b,0
db4089e9a36874f6b423336394880d49,1
db56bdd52fe3eb63e13cbf85f1bc2117,0
db6f2e038fb9803908cc6dba9fbd54d6,0
db9f86c38e0803c344a7bbec56da9193,1
dbdd9c5291f734ed02512502adcc5a77,1
dc35d5627129b2b3cf9d8648522c5af8,0
dc52085a98ba4a0c6e9eac78ee614614,0
dd1425e36322ef790c22e70a357e38c8,0
dd52b70a67f3b348e3a942e23ba3b7e5,0
dd60c2cdf9068b3bfb9619c16d5bf22c,0
dd76e3698a0799a5ac2a1c90a63f8fdc,0
dd85bec562807039baebdcc2beb04e50,0
ddee6154559665120efecf977b4c071c,0
ddf1c9877b8f8cdd5b6d96ed90b66f14,0
ddf541603629c000d0edcd5d2d19e0ec,0
de380bea392a72404d4e6d3c12f78afc,0
de50570ccb43098850daec988aee39da,0
de6547d423ab6e3b70766407d43b949d,0
de902a7708ae49272143ba39186d4769,0
deaac816598c56a57ec0b23103a28055,0
df06e2d0f19df21899747f0a17f742b4,0
df57e58725068eaab7e6383a7a2935c3,0
dfa830cc556c60d80c300718ebb44f43,0
dfbd5eca3158e69e7e05af1cfa66b0a0,0
e01afdcc4ef7437b3bb4c47fc936cc9b,0
e077478d29431d282ef6819f9333ed20,0
e0961d63c58797dec339c64c82509c3a,0
e09b53f53dc7b6ccdd90b2ccdbeb2201,0
e0a2a372a6096b2e3fe75db91862032c,0
e10e2d913ba0522361363fd22344944c,0
e11663c7fd76604a799091c1d0e4b62e,0
e12737a36241a3e1de535d56af934982,0
e1d50fb28934aa4a238831887c26e3eb,1
e265589a9d913a27d8418da09ad7920b,0
e2c3b7ee71d697dd7cd5c0dee5e82f35,0
e30e96fd93521e576e42f636e3b808d1,1
e335bc7675bc7c9eaacee8035456bb4e,0
e378d51794d0f1d9a19642c0139729c1,0
e4822294a0d92588b3f8d106276c4706,0
e4843dafbb346865539fc9fb61c88e54,0
e541c6186fe15ef46685d924470124e5,0
e551269b3c331eb312b428917bb53095,0
e55de2eb7e08acf77cb69cf57b383ec6,0
e55e0ebf345c508210cc0c7a9995791e,0
e5693ef0ee5bc7cdcd3405d69459a154,0
e57c179d6d1980005ad0274c5b2995e7,0
e5a4cc1624e24d26dc30b883e7bf3466,0
e5cefeb3be4c4799f5e25dea3f99f012,0
e65d972fbf27fb2c846ad3e67220a685,0
e71553af0ae43158be831727e6c79fc7,0
e724b4a0b1e4989aa2b99c5b1fb58755,1
e760fb15d303ee8b26db9580a7235d13,0
e7f09fbebebb993b8af76b4e7c5b5df2,0
e8201bc502d1d1f38671f2f5143b3615,0
e82e2cdee4d4030b38c6ef4c23cfa6ac,0
e881ee5e3c139c58e69988b4e7e15877,0
e8872dce1d5bc580c6ee2ecf5a580127,0
e8b42f4d6900c7ace818823f026db21a,0
e972f31e8592d06bb56f0df0d2a973b6,0
e98e6eea06a9f8f6b33c8d2f4c7abd51,0
e9c761ffc60f37aa193de200b2953944,0
e9f82dcf4289cfd71629a127cb570530,0
ea0da9ebe17de5ff9250b71a746255cd,0
ea34cbeb1b1b9eb42e47b947ec343196,0
ea8ee9a76c7ba5282f1c985fd7ad69d8,0
eacd37a4a454ca8b8efecd12066ded8e,0
ebb93b1f01fbb5b60f2343213b74b3b0,1
ebe939a7ebfbf88bba41614517783795,0
ed06ff8796d19c09d7c8eafd74ea2bd6,0
ed1d66aaa60ff43336621360af405ee2,0
ed27ecefda27f246415ffae7979c96cd,0
ed44a494091c7bee69cdd1cdf174b872,0
ed51ff7ac609613f396c0a1619825994,0
eda34752ac66f0930f52e356a7ef8e06,0
ee2a6cfd1c9470607e4d6692ddb91a18,0
ee817d785cc9bdb2ebca7a59cea35e04,0
eef0c8160461ec25c94dd4b4bc55d65d,0
efbffd41c81f894f485e92ba0921aee1,0
efcb4690924f0390230c153103697b88,0
efe7c7772c4760be7ad88a675621d253,1
effbdc8b9de0096d1089449800043326,1
f115ec5c0313b79efffe5fc27281b9dd,0
f1635b617495733b0869612ab39711b6,0
f1698525be48d463dddd3a5aa307ca27,0
f173622143bb5e70d022cb015138ab85,0
f26a9d014dd593af2e52573356344b13,0
f275e9706a7ea028df1aae17cdd21dfc,0
f29baa6f787c04c46fa2df9003698501,0
f2dc05855bb60a6861a1cfb5307ced4b,0
f2f4bafb408c5c27b89e208f0f9bba2c,1
f2f765f755734bf1e027373986af6a44,0
f32ae4fd01fae1f6551b7c3e3b999a39,0
f38ad9e61d18a5d8e95b7ef92a6f7e22,0
f38d7a571dd057cac8466971d1b86dce,0
f3d595a6099cc2e2624e0ad81b1d59dc,1
f3def77bf5d240f2098190e58bba27ff,0
f3f0a6aeec0140c2c8929394eee73cc8,1
f415ff798aa6102ed7c2bb4069743d32,0
f48c4d50269392e12e13fb376c85ad05,0
f56247743165865d12bf1b6b1e7b452e,0
f592db51b5d1e8663e028ee4840822d3,0
f666b79292f79cdc42013068a8c36c6c,0
f71976511eeeb4afea890e50e2d936d1,0
f72e0355297e9142c10aa2420edeadc1,0
f7d2234d0d49491d785fd1b5a337337c,0
f7d7359ac15af3de145ef4bb2e4865b7,0
f7f92d14a8f7c9278485b48d9090d319,0
f88d78aaf020ad029c6e68ff21b8a1ba,0
f899b1e7eff038a898f5de85b4ffa502,0
f9489e381d0691af89a3ac61454ad906,0
f94e4e6bdb4f87071f3c8fe9551d5779,0
f9f7c81842ea506f122c7662ebde18de,0
faef198c5dfb17af5c8025c6dcee4c03,0
fb275589cb8aa6998deb80b4dc30bb01,0
fbf9b4a4d83d8cca928e3eb0ba3c99ff,0
fc1e10c027c4b3b62f35a607447eebdd,0
fc3ddbac1e08d610adf9ef2c9be7acf2,0
fc6068ef713b856d8f37d0ff874da2d4,0
fc6a52250d99d878cf1d3de0993371a8,0
fc764415b581c913f23eaaded498992c,0
fcba94e9cf5421a0883d4f60da4b9a13,0
fceaabe2587fd07690a7b83ce5fb665d,0
fda8ecfd170290b65c46d3bec3d146b7,0
fdcf8316a12514fdcd470c078f665253,0
fde9d4be348206ca39ec7122e051f7cd,0
fe3141e2c23f2e68e7e0c448b43308c9,0
fe89daf541434cf69047162afbb7b52b,0
fe91affee8f5bfcb06f5b9f156e70877,0
feec0b674c6cc932826f213b9102da88,0
ff52ebc704fef0b9495e7d268ca9cdb3,0
ff5d21ccc34ac51cfdfe439da5069953,0
ffa98350cf8e17434560f75f57610cc3,0
ffaa472260b7782ae1961ed95cdf45f8,1
ffae6c76d375d7880ecec8105ad6406d,0
